시간,발전량
2025-01-01 00:00,0.8672121965559629
2025-01-01 01:00,0.6875541343920594
2025-01-01 02:00,0.5414886392452462
2025-01-01 03:00,0.5392606858093658
2025-01-01 04:00,0.5749495851368281
2025-01-01 05:00,0.8099331267474749
2025-01-01 06:00,1.9443418292914143
2025-01-01 07:00,2.099313190537132
2025-01-01 08:00,2.782450161500872
2025-01-01 09:00,2.853727657353623
2025-01-01 10:00,3.4293641454328974
2025-01-01 11:00,2.767863778810806
2025-01-01 12:00,2.5565962248333713
2025-01-01 13:00,3.3859703945284103
2025-01-01 14:00,3.0221508651327884
2025-01-01 15:00,4.851796706747619
2025-01-01 16:00,4.339440968492278
2025-01-01 17:00,4.673648802235971
2025-01-01 18:00,5.997571973768453
2025-01-01 19:00,7.825745913828288
2025-01-01 20:00,9.75075839719209
2025-01-01 21:00,10.776919889520387
2025-01-01 22:00,9.46145454481541
2025-01-01 23:00,10.122345592211536
2025-01-02 00:00,7.153750481090958
2025-01-02 01:00,6.55143923038378
2025-01-02 02:00,7.244743572305943
2025-01-02 03:00,5.239388224692251
2025-01-02 04:00,5.065816363083677
2025-01-02 05:00,7.504294948098703
2025-01-02 06:00,8.131748859814254
2025-01-02 07:00,7.566285149136329
2025-01-02 08:00,7.065688944473645
2025-01-02 09:00,4.585412061948966
2025-01-02 10:00,2.7683281462099565
2025-01-02 11:00,3.161860741528847
2025-01-02 12:00,4.032801309706961
2025-01-02 13:00,4.16223140077927
2025-01-02 14:00,6.827547005422895
2025-01-02 15:00,10.76520640364685
2025-01-02 16:00,14.977795947210808
2025-01-02 17:00,15.46076735986224
2025-01-02 18:00,14.358747502223595
2025-01-02 19:00,14.279029462764978
2025-01-02 20:00,13.789730092821955
2025-01-02 21:00,10.261748434173354
2025-01-02 22:00,9.792679166105266
2025-01-02 23:00,10.907303326138098
2025-01-03 00:00,13.155528423958687
2025-01-03 01:00,14.263227413675061
2025-01-03 02:00,17.166729498324138
2025-01-03 03:00,19.96490329311039
2025-01-03 04:00,23.986748355959886
2025-01-03 05:00,25.159842015311995
2025-01-03 06:00,23.067215302374926
2025-01-03 07:00,20.831757356676178
2025-01-03 08:00,17.085625753652913
2025-01-03 09:00,14.460383584377732
2025-01-03 10:00,8.954792696815037
2025-01-03 11:00,6.022871396616518
2025-01-03 12:00,4.471131270463234
2025-01-03 13:00,3.1917668059058
2025-01-03 14:00,2.1535831443517113
2025-01-03 15:00,1.7436285403815495
2025-01-03 16:00,1.8562739674144995
2025-01-03 17:00,6.752161422851409
2025-01-03 18:00,9.031338656811183
2025-01-03 19:00,10.401483561476635
2025-01-03 20:00,16.129791647698863
2025-01-03 21:00,20.501341987433605
2025-01-03 22:00,20.088470543391345
2025-01-03 23:00,18.464410137580195
2025-01-04 00:00,14.2903665975141
2025-01-04 01:00,10.667241193821557
2025-01-04 02:00,8.756282571320266
2025-01-04 03:00,8.971906800116354
2025-01-04 04:00,5.514962125203809
2025-01-04 05:00,2.4083973025836665
2025-01-04 06:00,0.7425086872820448
2025-01-04 07:00,0.8314193007079173
2025-01-04 08:00,0.7764090277610775
2025-01-04 09:00,0.6563311716137866
2025-01-04 10:00,0.2897480300106031
2025-01-04 11:00,0.07062362267665852
2025-01-04 12:00,0.1828824503121349
2025-01-04 13:00,0.036285641712123805
2025-01-04 14:00,0.3440752771892363
2025-01-04 15:00,1.1956687139774758
2025-01-04 16:00,1.707732978710813
2025-01-04 17:00,1.5244697438012194
2025-01-04 18:00,1.625145496349472
2025-01-04 19:00,2.2817193644803524
2025-01-04 20:00,2.9184375253415236
2025-01-04 21:00,3.730195731003275
2025-01-04 22:00,5.493625192215031
2025-01-04 23:00,6.972445432482733
2025-01-05 00:00,6.074770411462257
2025-01-05 01:00,7.149792439606215
2025-01-05 02:00,12.353245051164716
2025-01-05 03:00,21.666537717962385
2025-01-05 04:00,21.24577565883721
2025-01-05 05:00,24.693821534084773
2025-01-05 06:00,31.221208108613645
2025-01-05 07:00,30.56685585516564
2025-01-05 08:00,34.33723928048771
2025-01-05 09:00,38.77058473997964
2025-01-05 10:00,33.266044686115464
2025-01-05 11:00,35.33942453306713
2025-01-05 12:00,37.31758757595533
2025-01-05 13:00,36.245574420425555
2025-01-05 14:00,35.67771277533104
2025-01-05 15:00,32.93761635300771
2025-01-05 16:00,23.442071326899132
2025-01-05 17:00,20.865924134939867
2025-01-05 18:00,14.960946510962849
2025-01-05 19:00,10.1287123534164
2025-01-05 20:00,11.776407454534082
2025-01-05 21:00,11.129541236432399
2025-01-05 22:00,10.4446885189138
2025-01-05 23:00,14.138356850685778
2025-01-06 00:00,19.883765180769466
2025-01-06 01:00,20.437313683832244
2025-01-06 02:00,20.314049429508422
2025-01-06 03:00,17.62010825111596
2025-01-06 04:00,12.992673001284604
2025-01-06 05:00,13.21281022341142
2025-01-06 06:00,13.671886744208235
2025-01-06 07:00,18.74140281016436
2025-01-06 08:00,16.7062016651249
2025-01-06 09:00,25.18950800511312
2025-01-06 10:00,32.59958719900254
2025-01-06 11:00,42.7931668362888
2025-01-06 12:00,48.35105775101262
2025-01-06 13:00,48.44394626319878
2025-01-06 14:00,55.126148590344826
2025-01-06 15:00,54.08899260005508
2025-01-06 16:00,54.07399921454781
2025-01-06 17:00,53.48224160099724
2025-01-06 18:00,55.225692050293524
2025-01-06 19:00,56.124572654076566
2025-01-06 20:00,56.11696927805847
2025-01-06 21:00,56.45011591950593
2025-01-06 22:00,55.14821745895364
2025-01-06 23:00,55.79509199312554
2025-01-07 00:00,55.00523807678988
2025-01-07 01:00,54.40514035003319
2025-01-07 02:00,52.82958682566398
2025-01-07 03:00,49.92869280800933
2025-01-07 04:00,42.264525717889086
2025-01-07 05:00,35.55414015988033
2025-01-07 06:00,26.666644339257715
2025-01-07 07:00,21.033314211353296
2025-01-07 08:00,28.507204998050234
2025-01-07 09:00,24.545328396968195
2025-01-07 10:00,26.952221711375074
2025-01-07 11:00,36.435629883690815
2025-01-07 12:00,41.69787178720533
2025-01-07 13:00,41.7124055968275
2025-01-07 14:00,45.93238502843254
2025-01-07 15:00,44.98552307201966
2025-01-07 16:00,49.21320582299325
2025-01-07 17:00,48.497459160144345
2025-01-07 18:00,49.14015510244505
2025-01-07 19:00,49.73300638984171
2025-01-07 20:00,47.49054606955089
2025-01-07 21:00,46.22342277790173
2025-01-07 22:00,51.10258087176615
2025-01-07 23:00,47.698792756421824
2025-01-08 00:00,46.693748004558316
2025-01-08 01:00,39.58904867290019
2025-01-08 02:00,39.22610776047206
2025-01-08 03:00,35.16147287758674
2025-01-08 04:00,35.05727723957416
2025-01-08 05:00,31.005052406538553
2025-01-08 06:00,34.85127497807419
2025-01-08 07:00,30.120176219000466
2025-01-08 08:00,33.45400621617152
2025-01-08 09:00,36.29957468185461
2025-01-08 10:00,30.228426677937172
2025-01-08 11:00,35.34858293815114
2025-01-08 12:00,39.95283430171702
2025-01-08 13:00,38.67896470413492
2025-01-08 14:00,48.161897318566695
2025-01-08 15:00,49.92001289938208
2025-01-08 16:00,50.483136483577006
2025-01-08 17:00,52.35143164736323
2025-01-08 18:00,55.54344673765165
2025-01-08 19:00,56.05665048396516
2025-01-08 20:00,56.80562182614035
2025-01-08 21:00,58.45806448960383
2025-01-08 22:00,57.145474747183755
2025-01-08 23:00,58.15485918690338
2025-01-09 00:00,58.03946695679543
2025-01-09 01:00,58.61628086628056
2025-01-09 02:00,56.55621317410874
2025-01-09 03:00,56.70377289853879
2025-01-09 04:00,57.2227025021214
2025-01-09 05:00,57.69464886610078
2025-01-09 06:00,54.62953356330233
2025-01-09 07:00,56.043817785544945
2025-01-09 08:00,55.118453760719454
2025-01-09 09:00,55.758076191200594
2025-01-09 10:00,55.49149263885833
2025-01-09 11:00,55.085513690862676
2025-01-09 12:00,57.174733476117
2025-01-09 13:00,55.292407187542075
2025-01-09 14:00,55.21966759185602
2025-01-09 15:00,56.01589893499843
2025-01-09 16:00,53.339246502445164
2025-01-09 17:00,54.84397872723522
2025-01-09 18:00,56.03501760398281
2025-01-09 19:00,53.705622300537755
2025-01-09 20:00,52.829223633942206
2025-01-09 21:00,54.403149365691434
2025-01-09 22:00,52.93050068400001
2025-01-09 23:00,46.67219643225867
2025-01-10 00:00,43.53970724620878
2025-01-10 01:00,38.37570171843933
2025-01-10 02:00,31.075453547497613
2025-01-10 03:00,25.177838396123292
2025-01-10 04:00,19.936012528492817
2025-01-10 05:00,15.501035028524612
2025-01-10 06:00,17.08990617118905
2025-01-10 07:00,13.280858908494555
2025-01-10 08:00,8.011491003528622
2025-01-10 09:00,5.344816801474041
2025-01-10 10:00,3.764260915860895
2025-01-10 11:00,3.4533982035678363
2025-01-10 12:00,4.063295368741781
2025-01-10 13:00,3.5594442364100845
2025-01-10 14:00,4.81320872492127
2025-01-10 15:00,4.266780371676159
2025-01-10 16:00,8.536111367693659
2025-01-10 17:00,6.932455239666025
2025-01-10 18:00,5.290587240688664
2025-01-10 19:00,6.325376060810001
2025-01-10 20:00,6.6592472396315205
2025-01-10 21:00,9.824823503935853
2025-01-10 22:00,9.917707602661153
2025-01-10 23:00,10.501471650963111
2025-01-11 00:00,3.4014198491728522
2025-01-11 01:00,2.482048942574692
2025-01-11 02:00,1.8454597548154552
2025-01-11 03:00,2.474010503183574
2025-01-11 04:00,1.7664203036089952
2025-01-11 05:00,1.8611981277940894
2025-01-11 06:00,1.9392572731000866
2025-01-11 07:00,1.9079119370679603
2025-01-11 08:00,1.8014145302201134
2025-01-11 09:00,0.8567336907352692
2025-01-11 10:00,0.5730004529839144
2025-01-11 11:00,0.7950437310045193
2025-01-11 12:00,0.7464626924510434
2025-01-11 13:00,0.241860343557422
2025-01-11 14:00,0.5076516684063503
2025-01-11 15:00,0.40134648360956204
2025-01-11 16:00,0.44470386098874026
2025-01-11 17:00,0.45938456046463577
2025-01-11 18:00,0.978113176587182
2025-01-11 19:00,0.911962339457352
2025-01-11 20:00,0.5794579177621748
2025-01-11 21:00,0.9548306159275609
2025-01-11 22:00,1.1019877866817172
2025-01-11 23:00,1.5734680961358953
2025-01-12 00:00,1.6074634450310596
2025-01-12 01:00,1.7767345567890158
2025-01-12 02:00,2.0598352270696023
2025-01-12 03:00,1.4125191646121862
2025-01-12 04:00,1.8999159972199757
2025-01-12 05:00,1.8418974062922007
2025-01-12 06:00,3.2904131305853745
2025-01-12 07:00,2.6724853283997794
2025-01-12 08:00,2.33356665778995
2025-01-12 09:00,0.7039328233105789
2025-01-12 10:00,0.3441552379380337
2025-01-12 11:00,0.4018894568318059
2025-01-12 12:00,0.5150823925618565
2025-01-12 13:00,1.2347326083145025
2025-01-12 14:00,1.079011471032046
2025-01-12 15:00,1.2949997924871803
2025-01-12 16:00,1.174234876650403
2025-01-12 17:00,1.4801392360922232
2025-01-12 18:00,1.4373105170713112
2025-01-12 19:00,1.8536214774891406
2025-01-12 20:00,2.571154975809622
2025-01-12 21:00,1.9149483910506369
2025-01-12 22:00,2.4829221785611733
2025-01-12 23:00,2.170691502015734
2025-01-13 00:00,1.625140729523437
2025-01-13 01:00,1.2557395048591908
2025-01-13 02:00,1.3068392030011675
2025-01-13 03:00,1.2644125901515566
2025-01-13 04:00,1.0037752649572427
2025-01-13 05:00,1.02693418885736
2025-01-13 06:00,1.0698889600152603
2025-01-13 07:00,1.2477715704296122
2025-01-13 08:00,1.1339794036250723
2025-01-13 09:00,1.6143928623898343
2025-01-13 10:00,1.2342874152079035
2025-01-13 11:00,1.8241751914115456
2025-01-13 12:00,3.1361103557727437
2025-01-13 13:00,2.7312913681511883
2025-01-13 14:00,3.5867224702333456
2025-01-13 15:00,4.10581099616219
2025-01-13 16:00,5.045192550122078
2025-01-13 17:00,8.0941041383358
2025-01-13 18:00,13.465330920584886
2025-01-13 19:00,17.16558212104404
2025-01-13 20:00,25.95427904247225
2025-01-13 21:00,30.852787717269457
2025-01-13 22:00,30.65189187998635
2025-01-13 23:00,27.786774402329506
2025-01-14 00:00,28.030249449822026
2025-01-14 01:00,28.871533282138607
2025-01-14 02:00,30.630961720147496
2025-01-14 03:00,31.12515280065187
2025-01-14 04:00,27.90698271230903
2025-01-14 05:00,24.448649322832303
2025-01-14 06:00,24.699664174219954
2025-01-14 07:00,22.825576262403693
2025-01-14 08:00,22.749503136454727
2025-01-14 09:00,14.572796268873244
2025-01-14 10:00,8.689894634895428
2025-01-14 11:00,11.745368311209365
2025-01-14 12:00,12.484684796067558
2025-01-14 13:00,13.89107387630698
2025-01-14 14:00,16.21366017730157
2025-01-14 15:00,19.255001384782176
2025-01-14 16:00,20.031027342350185
2025-01-14 17:00,25.47833686936838
2025-01-14 18:00,26.052588099210826
2025-01-14 19:00,31.957313641951274
2025-01-14 20:00,38.024836432546465
2025-01-14 21:00,41.426444684665164
2025-01-14 22:00,42.56537509177587
2025-01-14 23:00,45.85902324570017
2025-01-15 00:00,46.4741864855365
2025-01-15 01:00,48.929300102005996
2025-01-15 02:00,42.31003265318309
2025-01-15 03:00,47.87462397606549
2025-01-15 04:00,48.5612689200463
2025-01-15 05:00,47.31846183292978
2025-01-15 06:00,46.27976562449083
2025-01-15 07:00,43.83833892885272
2025-01-15 08:00,46.10212218366483
2025-01-15 09:00,44.98378434375755
2025-01-15 10:00,47.24333025351946
2025-01-15 11:00,47.30720190674273
2025-01-15 12:00,43.23315281337709
2025-01-15 13:00,42.52280476222013
2025-01-15 14:00,43.3621092174078
2025-01-15 15:00,43.29236947880831
2025-01-15 16:00,44.50106820852597
2025-01-15 17:00,41.02049815633523
2025-01-15 18:00,39.90332987023622
2025-01-15 19:00,43.255278147888255
2025-01-15 20:00,36.738850067120325
2025-01-15 21:00,29.53246672974895
2025-01-15 22:00,22.47989024192866
2025-01-15 23:00,17.115283589580574
2025-01-16 00:00,10.293752418602143
2025-01-16 01:00,7.306283053668263
2025-01-16 02:00,6.352357493759886
2025-01-16 03:00,6.179727833854622
2025-01-16 04:00,4.239057406448356
2025-01-16 05:00,6.728646600007804
2025-01-16 06:00,5.534218247471859
2025-01-16 07:00,7.748324052512177
2025-01-16 08:00,10.03697920342713
2025-01-16 09:00,11.188106439942374
2025-01-16 10:00,10.602003486891952
2025-01-16 11:00,13.815163651787595
2025-01-16 12:00,12.097429440005234
2025-01-16 13:00,14.551110983534407
2025-01-16 14:00,14.328957728918656
2025-01-16 15:00,15.170311949258032
2025-01-16 16:00,15.796242106990928
2025-01-16 17:00,16.569233378976108
2025-01-16 18:00,15.130087472992827
2025-01-16 19:00,19.446582393198316
2025-01-16 20:00,20.457138571648127
2025-01-16 21:00,21.894962808337247
2025-01-16 22:00,21.067190378834916
2025-01-16 23:00,19.290253797379698
2025-01-17 00:00,14.265616439967381
2025-01-17 01:00,15.309159279999523
2025-01-17 02:00,19.00943119539363
2025-01-17 03:00,18.4224414412921
2025-01-17 04:00,16.059436744184037
2025-01-17 05:00,12.083723914418961
2025-01-17 06:00,10.143204952588608
2025-01-17 07:00,7.618081617262826
2025-01-17 08:00,4.416197734302782
2025-01-17 09:00,3.2401397362751005
2025-01-17 10:00,2.850618349282219
2025-01-17 11:00,3.4440371351159356
2025-01-17 12:00,4.707072087050106
2025-01-17 13:00,6.855044579309402
2025-01-17 14:00,12.980372378473774
2025-01-17 15:00,14.968222370858989
2025-01-17 16:00,19.02218818945063
2025-01-17 17:00,18.86600926141592
2025-01-17 18:00,14.892421931403987
2025-01-17 19:00,12.414424169591168
2025-01-17 20:00,9.77705568199103
2025-01-17 21:00,9.572022029922483
2025-01-17 22:00,8.019325724073843
2025-01-17 23:00,5.154551874434651
2025-01-18 00:00,2.4507080003115025
2025-01-18 01:00,1.936967419733583
2025-01-18 02:00,1.8945390464337484
2025-01-18 03:00,2.3177783512700527
2025-01-18 04:00,2.7658906617392263
2025-01-18 05:00,3.516033186850093
2025-01-18 06:00,3.285635111896739
2025-01-18 07:00,3.6957067714950815
2025-01-18 08:00,3.174124765014316
2025-01-18 09:00,1.585190591529272
2025-01-18 10:00,0.7685736124092272
2025-01-18 11:00,0.5831396673539488
2025-01-18 12:00,0.5150595478434397
2025-01-18 13:00,0.8139356978937553
2025-01-18 14:00,1.0549089586100622
2025-01-18 15:00,1.646768440668711
2025-01-18 16:00,1.8630544672984164
2025-01-18 17:00,3.3565171663681364
2025-01-18 18:00,3.1572052072218
2025-01-18 19:00,3.090689639203948
2025-01-18 20:00,2.4602305196866414
2025-01-18 21:00,1.9899154354221489
2025-01-18 22:00,1.4542058289910238
2025-01-18 23:00,1.4334613690021367
2025-01-19 00:00,1.5437985325398018
2025-01-19 01:00,1.9444325599871202
2025-01-19 02:00,1.8902931067897446
2025-01-19 03:00,1.7522010234615983
2025-01-19 04:00,2.3987733998143064
2025-01-19 05:00,2.618668825814831
2025-01-19 06:00,2.407018465325547
2025-01-19 07:00,1.8192000291835262
2025-01-19 08:00,2.7961254477941693
2025-01-19 09:00,2.0759586457303767
2025-01-19 10:00,1.3173870911414751
2025-01-19 11:00,1.3907192752166384
2025-01-19 12:00,1.1178201536154322
2025-01-19 13:00,0.8845518929802305
2025-01-19 14:00,0.8016735400546892
2025-01-19 15:00,0.7533100126205613
2025-01-19 16:00,0.9972358980857494
2025-01-19 17:00,1.215712501606111
2025-01-19 18:00,2.2577771246056115
2025-01-19 19:00,3.015956688191899
2025-01-19 20:00,4.615893591275646
2025-01-19 21:00,5.164304018778548
2025-01-19 22:00,5.046619312116347
2025-01-19 23:00,5.809015942370811
2025-01-20 00:00,5.891271164852956
2025-01-20 01:00,6.0847653174279195
2025-01-20 02:00,6.396085569796442
2025-01-20 03:00,6.8052416884989855
2025-01-20 04:00,6.732851641687563
2025-01-20 05:00,7.172269273805405
2025-01-20 06:00,7.9500113644753405
2025-01-20 07:00,6.605902398765367
2025-01-20 08:00,6.101051514158521
2025-01-20 09:00,4.727884747300332
2025-01-20 10:00,2.7064664412470574
2025-01-20 11:00,3.4014867210486366
2025-01-20 12:00,4.28182174650851
2025-01-20 13:00,5.089079007106464
2025-01-20 14:00,4.46948891707563
2025-01-20 15:00,5.612454690558605
2025-01-20 16:00,5.414644154803385
2025-01-20 17:00,4.137192456251544
2025-01-20 18:00,4.133030510035014
2025-01-20 19:00,5.721506811669162
2025-01-20 20:00,7.995401331943594
2025-01-20 21:00,9.630110382086087
2025-01-20 22:00,8.785929816159406
2025-01-20 23:00,5.82437888653699
2025-01-21 00:00,7.102798518541595
2025-01-21 01:00,5.1423238757359755
2025-01-21 02:00,5.1304876550053855
2025-01-21 03:00,4.41244024633792
2025-01-21 04:00,4.659266976899172
2025-01-21 05:00,3.3385805778981585
2025-01-21 06:00,3.202196046963861
2025-01-21 07:00,3.706628195949244
2025-01-21 08:00,3.877319537955235
2025-01-21 09:00,1.5139565047194963
2025-01-21 10:00,1.198827182919233
2025-01-21 11:00,0.825744979949263
2025-01-21 12:00,1.0555087622310881
2025-01-21 13:00,1.22400067399778
2025-01-21 14:00,1.9611627486675385
2025-01-21 15:00,3.0473424778493463
2025-01-21 16:00,2.201315810194803
2025-01-21 17:00,1.3454807796779908
2025-01-21 18:00,1.3610676061535738
2025-01-21 19:00,1.8873379162507526
2025-01-21 20:00,1.684601473503489
2025-01-21 21:00,2.242483487862499
2025-01-21 22:00,1.5774308644914519
2025-01-21 23:00,1.9383514994491797
2025-01-22 00:00,2.7446754045809314
2025-01-22 01:00,3.009504905116727
2025-01-22 02:00,3.159000523705359
2025-01-22 03:00,2.032632010644476
2025-01-22 04:00,2.430133057189243
2025-01-22 05:00,1.8935528175379737
2025-01-22 06:00,2.108173040910356
2025-01-22 07:00,2.346352032788621
2025-01-22 08:00,3.1282898604458813
2025-01-22 09:00,2.207618357086427
2025-01-22 10:00,4.237367529093949
2025-01-22 11:00,5.921274353325052
2025-01-22 12:00,3.149542743840877
2025-01-22 13:00,2.4430235894967396
2025-01-22 14:00,3.2634147090506636
2025-01-22 15:00,5.091945702822808
2025-01-22 16:00,5.472740492205185
2025-01-22 17:00,4.657257556696441
2025-01-22 18:00,5.392918252783119
2025-01-22 19:00,5.316097669562682
2025-01-22 20:00,5.515130603172649
2025-01-22 21:00,4.495857301139223
2025-01-22 22:00,4.534757136739728
2025-01-22 23:00,3.2228049252544757
2025-01-23 00:00,2.9456913702545515
2025-01-23 01:00,5.198832361474533
2025-01-23 02:00,5.683968680817657
2025-01-23 03:00,4.909129565774747
2025-01-23 04:00,5.193545436250621
2025-01-23 05:00,9.078032125049472
2025-01-23 06:00,7.937069935743091
2025-01-23 07:00,7.270043994293461
2025-01-23 08:00,5.95202299453007
2025-01-23 09:00,4.714416871471411
2025-01-23 10:00,3.686032923747689
2025-01-23 11:00,2.839771608091123
2025-01-23 12:00,2.960145911506988
2025-01-23 13:00,3.7499697167083124
2025-01-23 14:00,5.255821552873292
2025-01-23 15:00,10.555940154635111
2025-01-23 16:00,13.146519478384977
2025-01-23 17:00,16.637152734365515
2025-01-23 18:00,17.08005095181904
2025-01-23 19:00,14.891198967550874
2025-01-23 20:00,13.763088580785052
2025-01-23 21:00,10.739210968175032
2025-01-23 22:00,10.66415105463347
2025-01-23 23:00,9.640123713092487
2025-01-24 00:00,11.666500052044487
2025-01-24 01:00,10.082974533928834
2025-01-24 02:00,8.761401851600635
2025-01-24 03:00,9.976908178618483
2025-01-24 04:00,12.331272132331822
2025-01-24 05:00,12.368947297392431
2025-01-24 06:00,11.350964127707062
2025-01-24 07:00,11.188572752948538
2025-01-24 08:00,9.580483707440727
2025-01-24 09:00,8.938809238698672
2025-01-24 10:00,7.80862298346119
2025-01-24 11:00,8.223008304380713
2025-01-24 12:00,9.802669537032049
2025-01-24 13:00,16.873910180762998
2025-01-24 14:00,15.45022699688441
2025-01-24 15:00,15.493573589661818
2025-01-24 16:00,20.766056917075545
2025-01-24 17:00,23.552193007442817
2025-01-24 18:00,22.30089561980637
2025-01-24 19:00,20.440984722994212
2025-01-24 20:00,19.146391538121776
2025-01-24 21:00,19.218934346436388
2025-01-24 22:00,18.364464640627233
2025-01-24 23:00,14.421082009349607
2025-01-25 00:00,15.127209998202884
2025-01-25 01:00,11.20361141889078
2025-01-25 02:00,9.963817406266987
2025-01-25 03:00,10.434737939787563
2025-01-25 04:00,10.085212036952313
2025-01-25 05:00,10.972818460403872
2025-01-25 06:00,12.0006645326619
2025-01-25 07:00,12.406548129681283
2025-01-25 08:00,11.945644877751214
2025-01-25 09:00,12.565984721216896
2025-01-25 10:00,11.844398889021381
2025-01-25 11:00,9.909125452476028
2025-01-25 12:00,8.712866413099214
2025-01-25 13:00,9.745464358360127
2025-01-25 14:00,9.687242668315017
2025-01-25 15:00,12.09681746910411
2025-01-25 16:00,15.490794309119625
2025-01-25 17:00,16.890270108719726
2025-01-25 18:00,17.60168171029072
2025-01-25 19:00,18.0117750047744
2025-01-25 20:00,19.16755104240257
2025-01-25 21:00,16.795334719552155
2025-01-25 22:00,13.387339505804672
2025-01-25 23:00,10.38219851892909
2025-01-26 00:00,8.058776581880753
2025-01-26 01:00,8.415683546476636
2025-01-26 02:00,7.072921226098076
2025-01-26 03:00,8.898339892958019
2025-01-26 04:00,9.119002642743588
2025-01-26 05:00,9.136777989252401
2025-01-26 06:00,8.864647189864165
2025-01-26 07:00,6.045817284685887
2025-01-26 08:00,4.587476556194003
2025-01-26 09:00,2.831609180876778
2025-01-26 10:00,1.069262901244723
2025-01-26 11:00,0.29053201581212484
2025-01-26 12:00,0.6463623309619876
2025-01-26 13:00,0.8338378514668607
2025-01-26 14:00,0.7188058865370575
2025-01-26 15:00,0.6739606675445672
2025-01-26 16:00,0.8088405431122229
2025-01-26 17:00,1.0872236062074465
2025-01-26 18:00,1.5191723534465178
2025-01-26 19:00,1.9963278240251758
2025-01-26 20:00,1.556633300245223
2025-01-26 21:00,1.2863927533548352
2025-01-26 22:00,1.890280593313772
2025-01-26 23:00,3.796017327893277
2025-01-27 00:00,6.809510557078212
2025-01-27 01:00,8.901880107479641
2025-01-27 02:00,7.439876675672888
2025-01-27 03:00,9.672487598715033
2025-01-27 04:00,22.60254293850434
2025-01-27 05:00,33.92158842294003
2025-01-27 06:00,38.545696925784995
2025-01-27 07:00,39.57457098166297
2025-01-27 08:00,51.012617529227214
2025-01-27 09:00,50.03587949814296
2025-01-27 10:00,52.841012612650786
2025-01-27 11:00,48.17654117941865
2025-01-27 12:00,47.4673553381423
2025-01-27 13:00,49.675463322372536
2025-01-27 14:00,55.075254394337435
2025-01-27 15:00,55.312390880758834
2025-01-27 16:00,52.952652417442096
2025-01-27 17:00,55.21441486552577
2025-01-27 18:00,54.225410649764086
2025-01-27 19:00,55.49805045279025
2025-01-27 20:00,55.86353531265425
2025-01-27 21:00,53.73541252313305
2025-01-27 22:00,55.528910214028485
2025-01-27 23:00,56.69799499753623
2025-01-28 00:00,54.922110849066186
2025-01-28 01:00,55.953962853565535
2025-01-28 02:00,56.237572056430366
2025-01-28 03:00,55.45740338830382
2025-01-28 04:00,55.60260563857346
2025-01-28 05:00,54.757409839136216
2025-01-28 06:00,55.5816558464237
2025-01-28 07:00,55.965623936097614
2025-01-28 08:00,55.5063142465531
2025-01-28 09:00,55.09515837554714
2025-01-28 10:00,55.56501436382624
2025-01-28 11:00,53.3628788735564
2025-01-28 12:00,54.893256849523084
2025-01-28 13:00,54.18741423598876
2025-01-28 14:00,55.151071093666516
2025-01-28 15:00,55.13244092069972
2025-01-28 16:00,54.5544126146342
2025-01-28 17:00,56.759036734388715
2025-01-28 18:00,55.122187233909145
2025-01-28 19:00,55.38672510813102
2025-01-28 20:00,55.894807246552446
2025-01-28 21:00,54.44690540198172
2025-01-28 22:00,56.286344670869894
2025-01-28 23:00,54.84811194349711
2025-01-29 00:00,52.06674833685983
2025-01-29 01:00,53.048842989567916
2025-01-29 02:00,52.71493050859742
2025-01-29 03:00,52.468469886505346
2025-01-29 04:00,53.76614079696293
2025-01-29 05:00,55.62135975190472
2025-01-29 06:00,52.32937765020993
2025-01-29 07:00,53.37214366257581
2025-01-29 08:00,52.911931957327425
2025-01-29 09:00,53.94409978386895
2025-01-29 10:00,53.670659790297236
2025-01-29 11:00,52.56635788730277
2025-01-29 12:00,49.475448976239875
2025-01-29 13:00,48.72574990855634
2025-01-29 14:00,49.92859724015141
2025-01-29 15:00,48.38716410159212
2025-01-29 16:00,49.51038344624051
2025-01-29 17:00,48.01516089860689
2025-01-29 18:00,47.93925786592745
2025-01-29 19:00,47.281609573193556
2025-01-29 20:00,42.344904781372705
2025-01-29 21:00,37.313667745526466
2025-01-29 22:00,34.119968461121424
2025-01-29 23:00,30.339415248054216
2025-01-30 00:00,23.16762691474966
2025-01-30 01:00,22.578283966533647
2025-01-30 02:00,19.551108125637867
2025-01-30 03:00,14.186038528550961
2025-01-30 04:00,10.149399432759793
2025-01-30 05:00,7.5746657421711685
2025-01-30 06:00,7.439404464577941
2025-01-30 07:00,7.640287605367163
2025-01-30 08:00,5.120598967595955
2025-01-30 09:00,7.5701578460772785
2025-01-30 10:00,4.83121998018933
2025-01-30 11:00,2.766901167635611
2025-01-30 12:00,1.1699481853774456
2025-01-30 13:00,0.8228484877877145
2025-01-30 14:00,2.410622782611334
2025-01-30 15:00,3.0541359968962416
2025-01-30 16:00,3.084393571669135
2025-01-30 17:00,4.004184822688327
2025-01-30 18:00,5.350100673972028
2025-01-30 19:00,6.693486182507748
2025-01-30 20:00,5.419832087075962
2025-01-30 21:00,3.198526675907175
2025-01-30 22:00,3.634191875390992
2025-01-30 23:00,4.968883133931104
2025-01-31 00:00,3.2455325663814256
2025-01-31 01:00,3.7921381803157006
2025-01-31 02:00,3.3667446858737433
2025-01-31 03:00,4.052001923350366
2025-01-31 04:00,4.864059402154853
2025-01-31 05:00,5.1447816351955655
2025-01-31 06:00,4.566808821149625
2025-01-31 07:00,3.4501482246782116
2025-01-31 08:00,2.707413680107461
2025-01-31 09:00,3.6827797202575754
2025-01-31 10:00,3.066381590915979
2025-01-31 11:00,3.969669365680015
2025-01-31 12:00,5.362953071223199
2025-01-31 13:00,5.864071044615515
2025-01-31 14:00,3.4286789627512313
2025-01-31 15:00,4.285007349311553
2025-01-31 16:00,3.544062125309574
2025-01-31 17:00,3.238126931840637
2025-01-31 18:00,2.8904123697048627
2025-01-31 19:00,4.412268359212408
2025-01-31 20:00,4.330843507317187
2025-01-31 21:00,4.0787122670942795
2025-01-31 22:00,4.544463536622354
2025-01-31 23:00,4.039501602338548
2025-02-01 00:00,2.8923437709665976
2025-02-01 01:00,3.4271082553470293
2025-02-01 02:00,4.0412635254123765
2025-02-01 03:00,5.630419341550953
2025-02-01 04:00,5.502055267262744
2025-02-01 05:00,4.954008484803133
2025-02-01 06:00,6.115012776907994
2025-02-01 07:00,7.214761992707689
2025-02-01 08:00,7.147693862782235
2025-02-01 09:00,7.517770292192257
2025-02-01 10:00,6.378985788208472
2025-02-01 11:00,7.405101661648976
2025-02-01 12:00,8.320604902867025
2025-02-01 13:00,8.814540112705828
2025-02-01 14:00,12.19909835059596
2025-02-01 15:00,12.787688533164488
2025-02-01 16:00,17.14323101028032
2025-02-01 17:00,15.408101329706607
2025-02-01 18:00,11.97326901195029
2025-02-01 19:00,11.659033677922778
2025-02-01 20:00,14.074709160794061
2025-02-01 21:00,13.112761390305934
2025-02-01 22:00,14.862941869467189
2025-02-01 23:00,14.16432684231153
2025-02-02 00:00,10.374054430651196
2025-02-02 01:00,9.10399070353494
2025-02-02 02:00,7.030920348188854
2025-02-02 03:00,6.731102664512145
2025-02-02 04:00,6.351948531868224
2025-02-02 05:00,6.853674119259658
2025-02-02 06:00,5.648233885066539
2025-02-02 07:00,6.709887915309507
2025-02-02 08:00,6.921888725139222
2025-02-02 09:00,5.212299923606645
2025-02-02 10:00,5.661860047661515
2025-02-02 11:00,4.982686717974353
2025-02-02 12:00,3.6799456973232183
2025-02-02 13:00,5.424325307826936
2025-02-02 14:00,7.9446241043686925
2025-02-02 15:00,11.501976243750788
2025-02-02 16:00,14.645653340614821
2025-02-02 17:00,19.198943070857155
2025-02-02 18:00,22.65544436881163
2025-02-02 19:00,25.5771813517419
2025-02-02 20:00,27.69956157824868
2025-02-02 21:00,24.47962583466922
2025-02-02 22:00,29.878692260865378
2025-02-02 23:00,33.028327517041404
2025-02-03 00:00,37.72493577251349
2025-02-03 01:00,42.22847490420171
2025-02-03 02:00,45.01798128803935
2025-02-03 03:00,48.345599561387935
2025-02-03 04:00,54.348628936157326
2025-02-03 05:00,53.62785420494123
2025-02-03 06:00,53.66836934459681
2025-02-03 07:00,54.353843951696405
2025-02-03 08:00,53.0782892535306
2025-02-03 09:00,53.59404383661637
2025-02-03 10:00,50.25140526920089
2025-02-03 11:00,51.58293850021596
2025-02-03 12:00,50.990244054901495
2025-02-03 13:00,51.256939867744535
2025-02-03 14:00,51.85561507215937
2025-02-03 15:00,53.75627140016232
2025-02-03 16:00,55.952983116436215
2025-02-03 17:00,55.50763906464863
2025-02-03 18:00,56.2205506464198
2025-02-03 19:00,56.821521796669
2025-02-03 20:00,56.24401633158993
2025-02-03 21:00,56.57900499388889
2025-02-03 22:00,56.1820072477114
2025-02-03 23:00,56.21326268858242
2025-02-04 00:00,55.56531942801626
2025-02-04 01:00,53.159292889807375
2025-02-04 02:00,54.85991017174902
2025-02-04 03:00,54.68226611054743
2025-02-04 04:00,56.1189138365817
2025-02-04 05:00,54.55336918704596
2025-02-04 06:00,55.15362388018918
2025-02-04 07:00,53.01372450746769
2025-02-04 08:00,53.71033978079025
2025-02-04 09:00,54.02315854228814
2025-02-04 10:00,54.184070847372496
2025-02-04 11:00,54.21025845229073
2025-02-04 12:00,53.58716486839964
2025-02-04 13:00,53.966101697993295
2025-02-04 14:00,54.715075813292
2025-02-04 15:00,55.22927540469463
2025-02-04 16:00,54.442436932761424
2025-02-04 17:00,54.67665189057989
2025-02-04 18:00,54.6643722412324
2025-02-04 19:00,54.1697719439834
2025-02-04 20:00,55.60395680847972
2025-02-04 21:00,53.802296009248145
2025-02-04 22:00,53.430559859957995
2025-02-04 23:00,52.39491185214201
2025-02-05 00:00,51.36382644014821
2025-02-05 01:00,51.13835731018892
2025-02-05 02:00,48.281820155369275
2025-02-05 03:00,46.029290286741215
2025-02-05 04:00,45.21262408641928
2025-02-05 05:00,46.275261431124555
2025-02-05 06:00,42.02181826515264
2025-02-05 07:00,32.17303067774411
2025-02-05 08:00,22.763562026025618
2025-02-05 09:00,22.31637567115274
2025-02-05 10:00,24.01553755616706
2025-02-05 11:00,30.359086476213974
2025-02-05 12:00,26.550671435703023
2025-02-05 13:00,30.003319456132836
2025-02-05 14:00,40.29710949957558
2025-02-05 15:00,47.07480931994736
2025-02-05 16:00,50.9397158719064
2025-02-05 17:00,51.083514279312936
2025-02-05 18:00,50.510651657594124
2025-02-05 19:00,50.48477900022925
2025-02-05 20:00,54.875336314245516
2025-02-05 21:00,52.103233631321785
2025-02-05 22:00,51.242715279456306
2025-02-05 23:00,50.43849395312159
2025-02-06 00:00,42.65789607784545
2025-02-06 01:00,37.13165804414463
2025-02-06 02:00,34.88076634735318
2025-02-06 03:00,26.830093742622907
2025-02-06 04:00,20.292237093787527
2025-02-06 05:00,19.42931271326804
2025-02-06 06:00,14.093575081722964
2025-02-06 07:00,12.494494685264202
2025-02-06 08:00,9.220984628340261
2025-02-06 09:00,9.610678274871933
2025-02-06 10:00,11.248833181761372
2025-02-06 11:00,13.479079316312657
2025-02-06 12:00,21.82297401100429
2025-02-06 13:00,18.53257299180948
2025-02-06 14:00,25.691236736964427
2025-02-06 15:00,26.54680398275124
2025-02-06 16:00,27.796212056633983
2025-02-06 17:00,31.352718246219666
2025-02-06 18:00,33.06207869178985
2025-02-06 19:00,37.0929240136864
2025-02-06 20:00,39.133098118465675
2025-02-06 21:00,40.9978519132162
2025-02-06 22:00,37.084748918786076
2025-02-06 23:00,38.093789836594055
2025-02-07 00:00,27.49489377774856
2025-02-07 01:00,21.163958728747723
2025-02-07 02:00,24.568249170464338
2025-02-07 03:00,23.40728476577607
2025-02-07 04:00,24.209813025373784
2025-02-07 05:00,30.57097461812399
2025-02-07 06:00,31.09706122767055
2025-02-07 07:00,47.06733037753176
2025-02-07 08:00,52.826744547806925
2025-02-07 09:00,56.454018413011525
2025-02-07 10:00,55.95879903665625
2025-02-07 11:00,55.193798773689196
2025-02-07 12:00,54.35244140227454
2025-02-07 13:00,55.396481293046115
2025-02-07 14:00,52.510528058989394
2025-02-07 15:00,54.57721767134918
2025-02-07 16:00,54.37147931640793
2025-02-07 17:00,54.88403195802039
2025-02-07 18:00,55.57379228520854
2025-02-07 19:00,55.17424135338757
2025-02-07 20:00,53.963929160116436
2025-02-07 21:00,53.769424384320516
2025-02-07 22:00,56.02906282559027
2025-02-07 23:00,55.12379695603612
2025-02-08 00:00,54.68180656823181
2025-02-08 01:00,52.840339720909085
2025-02-08 02:00,51.55652232768071
2025-02-08 03:00,49.26049469794154
2025-02-08 04:00,49.09455356777482
2025-02-08 05:00,47.96752275096074
2025-02-08 06:00,45.13085729063972
2025-02-08 07:00,44.56081116677743
2025-02-08 08:00,45.972957839443445
2025-02-08 09:00,44.77043247870364
2025-02-08 10:00,48.04244540966666
2025-02-08 11:00,50.23381917847699
2025-02-08 12:00,50.2910781465722
2025-02-08 13:00,50.89393208607971
2025-02-08 14:00,48.2746748930886
2025-02-08 15:00,45.999114440235815
2025-02-08 16:00,43.12498006162843
2025-02-08 17:00,42.31802984492477
2025-02-08 18:00,32.325394300526625
2025-02-08 19:00,22.27667226445312
2025-02-08 20:00,18.446255551943864
2025-02-08 21:00,12.9121153848916
2025-02-08 22:00,11.48832283955889
2025-02-08 23:00,6.178025082892213
2025-02-09 00:00,8.683522579441743
2025-02-09 01:00,5.079676300163125
2025-02-09 02:00,4.863699681829427
2025-02-09 03:00,4.014681607046194
2025-02-09 04:00,2.0194119447510257
2025-02-09 05:00,1.5098215261564605
2025-02-09 06:00,2.220512621305283
2025-02-09 07:00,1.7734555150566338
2025-02-09 08:00,2.4954204459803
2025-02-09 09:00,2.8137111708457043
2025-02-09 10:00,4.0538556605278275
2025-02-09 11:00,4.9445674033319795
2025-02-09 12:00,5.597098812841777
2025-02-09 13:00,6.288203724266765
2025-02-09 14:00,5.9974272815157565
2025-02-09 15:00,9.269201260423802
2025-02-09 16:00,13.148188328494975
2025-02-09 17:00,13.841903190324368
2025-02-09 18:00,13.617703565059562
2025-02-09 19:00,11.3800396532187
2025-02-09 20:00,15.028425761684248
2025-02-09 21:00,11.46170753023819
2025-02-09 22:00,10.680534071919833
2025-02-09 23:00,9.136297445943782
2025-02-10 00:00,8.192459803509825
2025-02-10 01:00,6.126641943625281
2025-02-10 02:00,4.433344378757412
2025-02-10 03:00,3.450466777030221
2025-02-10 04:00,2.1355938880094145
2025-02-10 05:00,1.7246686530927922
2025-02-10 06:00,2.9013560015700457
2025-02-10 07:00,2.7770419276120473
2025-02-10 08:00,4.864991314036082
2025-02-10 09:00,4.338228518954063
2025-02-10 10:00,4.266463107080205
2025-02-10 11:00,4.903305284094069
2025-02-10 12:00,5.077213076557026
2025-02-10 13:00,7.296545970714851
2025-02-10 14:00,10.64751035398941
2025-02-10 15:00,12.579908647756346
2025-02-10 16:00,15.415718129717614
2025-02-10 17:00,14.283372315655885
2025-02-10 18:00,12.324447338249456
2025-02-10 19:00,8.83183087337724
2025-02-10 20:00,4.219367247144254
2025-02-10 21:00,2.393134917088915
2025-02-10 22:00,1.5767354089541563
2025-02-10 23:00,0.8495489518632046
2025-02-11 00:00,0.9942610337962234
2025-02-11 01:00,0.681247712812445
2025-02-11 02:00,0.8285210186088142
2025-02-11 03:00,1.3225583624443755
2025-02-11 04:00,1.850334742651051
2025-02-11 05:00,1.188213574339782
2025-02-11 06:00,1.3736565936444645
2025-02-11 07:00,2.213833239893715
2025-02-11 08:00,2.010363509345411
2025-02-11 09:00,1.0490687117749218
2025-02-11 10:00,1.1942703993052408
2025-02-11 11:00,0.5793412529724102
2025-02-11 12:00,0.45946533174496323
2025-02-11 13:00,0.18210138101747192
2025-02-11 14:00,0.3134342169304536
2025-02-11 15:00,0.7216715054199454
2025-02-11 16:00,1.908617388654846
2025-02-11 17:00,1.8276807126404384
2025-02-11 18:00,2.790099900249603
2025-02-11 19:00,4.5114635142722666
2025-02-11 20:00,4.5829437760961405
2025-02-11 21:00,6.94033970605976
2025-02-11 22:00,7.183060886445224
2025-02-11 23:00,4.340315041376608
2025-02-12 00:00,4.423582093316231
2025-02-12 01:00,3.121401681669422
2025-02-12 02:00,5.892040051317381
2025-02-12 03:00,6.49391072292372
2025-02-12 04:00,5.448979018814053
2025-02-12 05:00,7.675311764482014
2025-02-12 06:00,7.2181487001720335
2025-02-12 07:00,8.309237879681543
2025-02-12 08:00,8.656621532974885
2025-02-12 09:00,9.717276291703232
2025-02-12 10:00,17.19547512292533
2025-02-12 11:00,21.28624159957709
2025-02-12 12:00,29.028688200026885
2025-02-12 13:00,39.579778432061296
2025-02-12 14:00,43.68329796586301
2025-02-12 15:00,53.12085575896014
2025-02-12 16:00,54.83493087678292
2025-02-12 17:00,58.632713310102034
2025-02-12 18:00,59.980633736373335
2025-02-12 19:00,57.23146787899405
2025-02-12 20:00,56.42981706537684
2025-02-12 21:00,55.10066357256641
2025-02-12 22:00,55.72168737496979
2025-02-12 23:00,56.318727837316274
2025-02-13 00:00,54.79314738451162
2025-02-13 01:00,53.42399692410156
2025-02-13 02:00,48.10592534939036
2025-02-13 03:00,43.56084791742066
2025-02-13 04:00,30.303189425071626
2025-02-13 05:00,16.97136428645443
2025-02-13 06:00,10.952577494900329
2025-02-13 07:00,7.998852900986101
2025-02-13 08:00,3.522262688277455
2025-02-13 09:00,3.5885871940106657
2025-02-13 10:00,2.5367916262967167
2025-02-13 11:00,3.324838769727065
2025-02-13 12:00,5.178223960822028
2025-02-13 13:00,6.9467016620282696
2025-02-13 14:00,9.009810497864708
2025-02-13 15:00,9.756797630018863
2025-02-13 16:00,10.136952021487911
2025-02-13 17:00,11.696573323719978
2025-02-13 18:00,8.90885706338438
2025-02-13 19:00,8.415605442680487
2025-02-13 20:00,6.219099681018853
2025-02-13 21:00,6.000955660114087
2025-02-13 22:00,4.39941764259416
2025-02-13 23:00,5.190933752545531
2025-02-14 00:00,2.589672333043994
2025-02-14 01:00,3.308507471627166
2025-02-14 02:00,5.037550467770668
2025-02-14 03:00,5.253013337339511
2025-02-14 04:00,4.6506478537645695
2025-02-14 05:00,3.679619057006134
2025-02-14 06:00,2.9770174333015964
2025-02-14 07:00,2.922831736817782
2025-02-14 08:00,2.23566614393425
2025-02-14 09:00,2.12534401116702
2025-02-14 10:00,1.0593345290420062
2025-02-14 11:00,1.6392142112426815
2025-02-14 12:00,2.256885585337395
2025-02-14 13:00,3.033234622489001
2025-02-14 14:00,3.6843677439259346
2025-02-14 15:00,3.2320870014887113
2025-02-14 16:00,2.4813425786995342
2025-02-14 17:00,1.737830400318166
2025-02-14 18:00,0.703227165875322
2025-02-14 19:00,0.5285782899219368
2025-02-14 20:00,1.1438128673292094
2025-02-14 21:00,1.516291003962363
2025-02-14 22:00,1.2466447917263714
2025-02-14 23:00,2.240199501981368
2025-02-15 00:00,1.2615175412378279
2025-02-15 01:00,2.03100681417001
2025-02-15 02:00,1.66727891060085
2025-02-15 03:00,1.342460640379561
2025-02-15 04:00,1.348403172732378
2025-02-15 05:00,1.92135213059901
2025-02-15 06:00,2.280496166946451
2025-02-15 07:00,1.997452115691684
2025-02-15 08:00,1.150393546317735
2025-02-15 09:00,1.0194008464023465
2025-02-15 10:00,0.5560784799186004
2025-02-15 11:00,0.526668012105133
2025-02-15 12:00,0.8282864634524999
2025-02-15 13:00,1.0090902387823213
2025-02-15 14:00,0.9391553357888373
2025-02-15 15:00,1.1030725736609386
2025-02-15 16:00,0.8408486492361061
2025-02-15 17:00,0.7740131105408414
2025-02-15 18:00,1.0460117983254795
2025-02-15 19:00,1.037475385074591
2025-02-15 20:00,1.0027656224594765
2025-02-15 21:00,0.5039069635849145
2025-02-15 22:00,0.5861141733494364
2025-02-15 23:00,1.2669216730364807
2025-02-16 00:00,0.7046546872934518
2025-02-16 01:00,0.7944936244188829
2025-02-16 02:00,1.0269411952012617
2025-02-16 03:00,0.7908156939101371
2025-02-16 04:00,0.574039483726118
2025-02-16 05:00,0.6838804011969484
2025-02-16 06:00,1.5934255829845552
2025-02-16 07:00,2.151178889471836
2025-02-16 08:00,3.3516396883786013
2025-02-16 09:00,2.261211034481514
2025-02-16 10:00,2.3873854990557644
2025-02-16 11:00,6.582127777267456
2025-02-16 12:00,6.752385498339786
2025-02-16 13:00,9.33571013244482
2025-02-16 14:00,9.24042176202119
2025-02-16 15:00,16.09600065255166
2025-02-16 16:00,20.929559855310913
2025-02-16 17:00,25.046573953819742
2025-02-16 18:00,31.249790302818433
2025-02-16 19:00,40.15794690124521
2025-02-16 20:00,47.14133210239852
2025-02-16 21:00,50.41321833686278
2025-02-16 22:00,51.58818410558842
2025-02-16 23:00,51.336056951171194
2025-02-17 00:00,53.771653566047014
2025-02-17 01:00,54.6390375101211
2025-02-17 02:00,52.990041797542865
2025-02-17 03:00,52.80805728015363
2025-02-17 04:00,52.821124957986434
2025-02-17 05:00,52.28380669289476
2025-02-17 06:00,51.02850521105601
2025-02-17 07:00,49.70003577839735
2025-02-17 08:00,50.34276217824279
2025-02-17 09:00,50.23448810106605
2025-02-17 10:00,48.44270184676528
2025-02-17 11:00,48.851615122781794
2025-02-17 12:00,48.98173407059457
2025-02-17 13:00,46.95017643974445
2025-02-17 14:00,48.46388710730254
2025-02-17 15:00,48.74622649696531
2025-02-17 16:00,49.39525710384788
2025-02-17 17:00,49.36738915276774
2025-02-17 18:00,48.103356097198116
2025-02-17 19:00,48.155088546288376
2025-02-17 20:00,48.40999104617228
2025-02-17 21:00,48.36702388634428
2025-02-17 22:00,45.57967076339926
2025-02-17 23:00,43.94038796988086
2025-02-18 00:00,43.23844344049899
2025-02-18 01:00,40.13700129340427
2025-02-18 02:00,41.42877919756939
2025-02-18 03:00,42.65709023582728
2025-02-18 04:00,43.43391796060576
2025-02-18 05:00,50.13509843251863
2025-02-18 06:00,47.30553386510688
2025-02-18 07:00,47.50714972909711
2025-02-18 08:00,48.9481516559087
2025-02-18 09:00,48.66542785556345
2025-02-18 10:00,49.85624864929855
2025-02-18 11:00,46.43718355380009
2025-02-18 12:00,46.97522935796765
2025-02-18 13:00,45.54141989918224
2025-02-18 14:00,46.383790629234284
2025-02-18 15:00,47.182041869672204
2025-02-18 16:00,49.99749025348566
2025-02-18 17:00,51.00206649648726
2025-02-18 18:00,47.66826962642211
2025-02-18 19:00,48.632069676946784
2025-02-18 20:00,49.19099793659072
2025-02-18 21:00,49.16483652506403
2025-02-18 22:00,49.165586420190486
2025-02-18 23:00,47.216322843395155
2025-02-19 00:00,43.80514363307763
2025-02-19 01:00,43.479601920662304
2025-02-19 02:00,39.843142412158016
2025-02-19 03:00,39.991347119595744
2025-02-19 04:00,46.10750780956074
2025-02-19 05:00,47.105998687030635
2025-02-19 06:00,49.61877074724791
2025-02-19 07:00,50.329017784191606
2025-02-19 08:00,51.04534869594961
2025-02-19 09:00,50.75037664344885
2025-02-19 10:00,48.8173899074377
2025-02-19 11:00,48.239213278278186
2025-02-19 12:00,47.636828947974976
2025-02-19 13:00,46.93737394926113
2025-02-19 14:00,46.9879736845628
2025-02-19 15:00,47.07617662354968
2025-02-19 16:00,48.013197872677154
2025-02-19 17:00,47.38351470059641
2025-02-19 18:00,45.1259340788037
2025-02-19 19:00,44.0639538690798
2025-02-19 20:00,40.374435343865294
2025-02-19 21:00,39.28913012711017
2025-02-19 22:00,31.94603928675349
2025-02-19 23:00,31.18027116822409
2025-02-20 00:00,24.07505346248945
2025-02-20 01:00,25.219408195897397
2025-02-20 02:00,17.657471301040026
2025-02-20 03:00,13.790760745292008
2025-02-20 04:00,14.71269848768805
2025-02-20 05:00,12.879591233674795
2025-02-20 06:00,10.224070603869613
2025-02-20 07:00,10.297813052959839
2025-02-20 08:00,13.936132597406477
2025-02-20 09:00,17.297206467710392
2025-02-20 10:00,31.408462013403007
2025-02-20 11:00,35.20411034258909
2025-02-20 12:00,41.576600517710176
2025-02-20 13:00,42.18827466619695
2025-02-20 14:00,44.31464523104932
2025-02-20 15:00,44.086885284511155
2025-02-20 16:00,46.56476964247206
2025-02-20 17:00,48.09651483228978
2025-02-20 18:00,45.402867941214
2025-02-20 19:00,46.79959311846835
2025-02-20 20:00,47.918676828642404
2025-02-20 21:00,47.0986872020315
2025-02-20 22:00,45.78692168693965
2025-02-20 23:00,45.5470562900709
2025-02-21 00:00,46.29176336297733
2025-02-21 01:00,39.68891341437456
2025-02-21 02:00,32.21107487981011
2025-02-21 03:00,28.131337877113353
2025-02-21 04:00,26.367701957887046
2025-02-21 05:00,18.681946969864544
2025-02-21 06:00,16.74113962422377
2025-02-21 07:00,18.135012884239217
2025-02-21 08:00,13.65226937686501
2025-02-21 09:00,21.016452652930923
2025-02-21 10:00,22.31756344626813
2025-02-21 11:00,24.35886090187384
2025-02-21 12:00,28.2856623300704
2025-02-21 13:00,28.92010057802113
2025-02-21 14:00,31.038496609728888
2025-02-21 15:00,35.02538589568297
2025-02-21 16:00,36.97884084051978
2025-02-21 17:00,39.941850862847005
2025-02-21 18:00,38.48048167755256
2025-02-21 19:00,39.38847810097654
2025-02-21 20:00,40.67604281563761
2025-02-21 21:00,37.33367833001857
2025-02-21 22:00,34.4822724123276
2025-02-21 23:00,33.55490395235605
2025-02-22 00:00,31.169538559178655
2025-02-22 01:00,29.045054800634944
2025-02-22 02:00,33.20323726537997
2025-02-22 03:00,39.392838345875816
2025-02-22 04:00,43.70372588948551
2025-02-22 05:00,44.24810534926067
2025-02-22 06:00,44.30975741488538
2025-02-22 07:00,44.86166735465077
2025-02-22 08:00,43.49663113285216
2025-02-22 09:00,42.37337915877819
2025-02-22 10:00,38.039914866748035
2025-02-22 11:00,36.191949544529436
2025-02-22 12:00,34.6968079303632
2025-02-22 13:00,34.942020349010505
2025-02-22 14:00,39.05278045200851
2025-02-22 15:00,41.73020975285645
2025-02-22 16:00,41.0368638702399
2025-02-22 17:00,41.0658801989489
2025-02-22 18:00,38.19752012212061
2025-02-22 19:00,39.76584901888891
2025-02-22 20:00,39.26585142615617
2025-02-22 21:00,33.50995726262797
2025-02-22 22:00,34.92080419216302
2025-02-22 23:00,34.88727146861931
2025-02-23 00:00,32.314492095147756
2025-02-23 01:00,33.11985780580348
2025-02-23 02:00,29.72267182105788
2025-02-23 03:00,22.667488002602934
2025-02-23 04:00,19.94428712771025
2025-02-23 05:00,22.965128758453414
2025-02-23 06:00,23.084044137744673
2025-02-23 07:00,34.70432810454896
2025-02-23 08:00,45.63728623514474
2025-02-23 09:00,48.7619301952936
2025-02-23 10:00,47.756551462863214
2025-02-23 11:00,49.88014311157606
2025-02-23 12:00,50.01520919579018
2025-02-23 13:00,51.17218920969778
2025-02-23 14:00,50.687906904490475
2025-02-23 15:00,51.87595122371117
2025-02-23 16:00,51.80434584190979
2025-02-23 17:00,51.43710291044562
2025-02-23 18:00,52.3085693888571
2025-02-23 19:00,52.4570933183893
2025-02-23 20:00,52.00119151017881
2025-02-23 21:00,52.175015641327256
2025-02-23 22:00,52.078282445751306
2025-02-23 23:00,49.55508760849501
2025-02-24 00:00,47.09010498932127
2025-02-24 01:00,47.42801954032037
2025-02-24 02:00,45.01300305949827
2025-02-24 03:00,43.87672970193817
2025-02-24 04:00,36.84651908288196
2025-02-24 05:00,32.344970945242615
2025-02-24 06:00,21.069438372621093
2025-02-24 07:00,20.311081852752327
2025-02-24 08:00,16.66469848164636
2025-02-24 09:00,22.544415753842365
2025-02-24 10:00,20.460032623436078
2025-02-24 11:00,23.793342461907347
2025-02-24 12:00,23.524203872276082
2025-02-24 13:00,24.310682870883632
2025-02-24 14:00,20.84281333967045
2025-02-24 15:00,21.495248649693284
2025-02-24 16:00,18.255107676024583
2025-02-24 17:00,19.889731942870526
2025-02-24 18:00,17.85369387531327
2025-02-24 19:00,10.309637772129742
2025-02-24 20:00,9.453670113834242
2025-02-24 21:00,4.706677756255557
2025-02-24 22:00,1.1127586554885849
2025-02-24 23:00,0.46642824317985454
2025-02-25 00:00,0.33718384962924514
2025-02-25 01:00,0.35392293019563026
2025-02-25 02:00,0.8745735066773985
2025-02-25 03:00,0.8767647871907063
2025-02-25 04:00,1.2957710860355784
2025-02-25 05:00,1.7886719131302171
2025-02-25 06:00,1.625530224841396
2025-02-25 07:00,1.8492460452007191
2025-02-25 08:00,2.997576798563548
2025-02-25 09:00,1.5251580257747903
2025-02-25 10:00,1.5578482190567657
2025-02-25 11:00,2.3952837662588635
2025-02-25 12:00,3.031616697744897
2025-02-25 13:00,4.6335556705488425
2025-02-25 14:00,7.318547058098964
2025-02-25 15:00,10.035176658762065
2025-02-25 16:00,12.923377307952862
2025-02-25 17:00,19.70958710062168
2025-02-25 18:00,18.275072789446728
2025-02-25 19:00,17.98562667837041
2025-02-25 20:00,15.76590416451513
2025-02-25 21:00,17.215055871082782
2025-02-25 22:00,16.533350798487426
2025-02-25 23:00,16.31258722181351
2025-02-26 00:00,11.71647923358567
2025-02-26 01:00,11.100591342354466
2025-02-26 02:00,10.403040912890072
2025-02-26 03:00,10.647948562427786
2025-02-26 04:00,14.193838860888185
2025-02-26 05:00,12.673783701193283
2025-02-26 06:00,14.381823852913023
2025-02-26 07:00,13.48546020075229
2025-02-26 08:00,15.209470059351682
2025-02-26 09:00,11.828327816175236
2025-02-26 10:00,9.794556894555932
2025-02-26 11:00,8.034316332335404
2025-02-26 12:00,7.928621003663785
2025-02-26 13:00,7.957574220213846
2025-02-26 14:00,7.755527201106353
2025-02-26 15:00,6.011077515955961
2025-02-26 16:00,4.111438739519202
2025-02-26 17:00,2.536084246058145
2025-02-26 18:00,1.5162119236325995
2025-02-26 19:00,0.7612993265386212
2025-02-26 20:00,0.4979619810698378
2025-02-26 21:00,0.29251493837158515
2025-02-26 22:00,0.8532093569211727
2025-02-26 23:00,0.7720707172348862
2025-02-27 00:00,0.1379059952624238
2025-02-27 01:00,0.231198454214796
2025-02-27 02:00,0.5280715329373269
2025-02-27 03:00,0.2666136857748519
2025-02-27 04:00,0.5065096395790925
2025-02-27 05:00,1.3343190210234117
2025-02-27 06:00,1.3467817295389497
2025-02-27 07:00,0.8598857096608223
2025-02-27 08:00,0.9707146457148002
2025-02-27 09:00,0.5605569645327183
2025-02-27 10:00,0.8292470663611178
2025-02-27 11:00,0.9765822623360586
2025-02-27 12:00,1.6108173490386672
2025-02-27 13:00,2.6704777337953782
2025-02-27 14:00,3.900582214502184
2025-02-27 15:00,4.808200945387271
2025-02-27 16:00,6.271537287262449
2025-02-27 17:00,4.818657124983577
2025-02-27 18:00,4.104182664200941
2025-02-27 19:00,4.169457029955163
2025-02-27 20:00,3.930829641893691
2025-02-27 21:00,3.469278596904247
2025-02-27 22:00,4.663179602761271
2025-02-27 23:00,2.758170957630318
2025-02-28 00:00,1.55373371671389
2025-02-28 01:00,1.4388547726164718
2025-02-28 02:00,1.8226078381786488
2025-02-28 03:00,1.9024032635364367
2025-02-28 04:00,2.5229280750186724
2025-02-28 05:00,2.0993253906215514
2025-02-28 06:00,1.816815094031814
2025-02-28 07:00,1.3203187460078243
2025-02-28 08:00,2.015318494268449
2025-02-28 09:00,1.2789838474986757
2025-02-28 10:00,1.145911283383542
2025-02-28 11:00,1.3340592963015392
2025-02-28 12:00,1.3120342598173886
2025-02-28 13:00,1.2947606818323298
2025-02-28 14:00,1.1435679147996147
2025-02-28 15:00,1.429779836404009
2025-02-28 16:00,1.2463575858441627
2025-02-28 17:00,1.7223129762762346
2025-02-28 18:00,1.1273386603991922
2025-02-28 19:00,0.4506100728544479
2025-02-28 20:00,0.42099262415026706
2025-02-28 21:00,0.32503677963810695
2025-02-28 22:00,0.4161469308864168
2025-02-28 23:00,0.7862047626477934
2025-03-01 00:00,1.9946264996216223
2025-03-01 01:00,1.8630013252360311
2025-03-01 02:00,2.219292654490516
2025-03-01 03:00,2.855813546075306
2025-03-01 04:00,2.2473997435126183
2025-03-01 05:00,1.0843861322846309
2025-03-01 06:00,1.6909354264193248
2025-03-01 07:00,1.121757216660538
2025-03-01 08:00,1.275643744589382
2025-03-01 09:00,1.1233830717899145
2025-03-01 10:00,0.635829023135446
2025-03-01 11:00,0.3619112694013668
2025-03-01 12:00,1.2003498726958677
2025-03-01 13:00,1.7717307799235646
2025-03-01 14:00,3.750737763920183
2025-03-01 15:00,9.97798584938515
2025-03-01 16:00,10.788742544600945
2025-03-01 17:00,10.917975071256523
2025-03-01 18:00,10.060322982321228
2025-03-01 19:00,13.346938128032047
2025-03-01 20:00,15.348565776471268
2025-03-01 21:00,12.985323702530788
2025-03-01 22:00,11.558147807192903
2025-03-01 23:00,10.056636567580343
2025-03-02 00:00,7.869006741901387
2025-03-02 01:00,6.163317821212028
2025-03-02 02:00,4.836362113214277
2025-03-02 03:00,4.317619659091633
2025-03-02 04:00,5.207201741183341
2025-03-02 05:00,7.426497362855242
2025-03-02 06:00,6.738383704800929
2025-03-02 07:00,5.433065152468618
2025-03-02 08:00,4.046707745417319
2025-03-02 09:00,4.18327712217892
2025-03-02 10:00,3.6182477019456973
2025-03-02 11:00,5.075143955712166
2025-03-02 12:00,5.833221229638261
2025-03-02 13:00,8.067339009094104
2025-03-02 14:00,9.449723489341768
2025-03-02 15:00,15.007797010184868
2025-03-02 16:00,22.774420642180832
2025-03-02 17:00,29.248817071425876
2025-03-02 18:00,42.83094099118129
2025-03-02 19:00,47.485736636437224
2025-03-02 20:00,50.44421657903925
2025-03-02 21:00,51.1212478188128
2025-03-02 22:00,51.439063295254854
2025-03-02 23:00,56.1802306912791
2025-03-03 00:00,57.741329380322775
2025-03-03 01:00,55.737295912082885
2025-03-03 02:00,55.70255716824385
2025-03-03 03:00,52.77117396328032
2025-03-03 04:00,53.238247498022346
2025-03-03 05:00,52.08211475200742
2025-03-03 06:00,50.17535765913705
2025-03-03 07:00,47.75465676757696
2025-03-03 08:00,44.01328561523141
2025-03-03 09:00,44.87097546019068
2025-03-03 10:00,40.62290068021899
2025-03-03 11:00,31.993790869744334
2025-03-03 12:00,31.249448330738836
2025-03-03 13:00,29.127381929091577
2025-03-03 14:00,22.37045639416847
2025-03-03 15:00,24.271395481575716
2025-03-03 16:00,23.53673856758218
2025-03-03 17:00,24.323835793223697
2025-03-03 18:00,24.94140638740765
2025-03-03 19:00,22.539157789193602
2025-03-03 20:00,24.82532034801423
2025-03-03 21:00,22.327322247147066
2025-03-03 22:00,23.52841043672178
2025-03-03 23:00,23.25082264140321
2025-03-04 00:00,26.14758799021852
2025-03-04 01:00,29.88862037922306
2025-03-04 02:00,35.20096609292851
2025-03-04 03:00,35.24043688649268
2025-03-04 04:00,35.06300107182824
2025-03-04 05:00,30.78839414534586
2025-03-04 06:00,33.01226209091917
2025-03-04 07:00,31.19627555477335
2025-03-04 08:00,30.252119841951618
2025-03-04 09:00,26.703214140285006
2025-03-04 10:00,25.51125567667859
2025-03-04 11:00,25.01585713713508
2025-03-04 12:00,23.56325834066353
2025-03-04 13:00,26.31893110251523
2025-03-04 14:00,26.77488398761992
2025-03-04 15:00,24.21114115350965
2025-03-04 16:00,23.707260814401106
2025-03-04 17:00,26.589270854637057
2025-03-04 18:00,23.881306924704834
2025-03-04 19:00,24.468214893309764
2025-03-04 20:00,23.86096614660225
2025-03-04 21:00,19.96821204417145
2025-03-04 22:00,14.160981655630042
2025-03-04 23:00,11.197704098687872
2025-03-05 00:00,7.067555340552227
2025-03-05 01:00,7.651363544458303
2025-03-05 02:00,6.370668012323387
2025-03-05 03:00,6.20611379130912
2025-03-05 04:00,5.881452349164354
2025-03-05 05:00,4.400226818898896
2025-03-05 06:00,4.528895329532157
2025-03-05 07:00,4.42552952947921
2025-03-05 08:00,6.166191896892752
2025-03-05 09:00,6.546382777304586
2025-03-05 10:00,7.045978675159429
2025-03-05 11:00,7.594402217210048
2025-03-05 12:00,7.294581389064128
2025-03-05 13:00,7.761515668800913
2025-03-05 14:00,14.071230938918774
2025-03-05 15:00,17.24970169908512
2025-03-05 16:00,15.415938044731652
2025-03-05 17:00,15.779154526209979
2025-03-05 18:00,18.57961943904788
2025-03-05 19:00,24.274798774028216
2025-03-05 20:00,28.428104409754454
2025-03-05 21:00,29.5379447398971
2025-03-05 22:00,30.296787716768215
2025-03-05 23:00,29.027075989854765
2025-03-06 00:00,23.07892491183081
2025-03-06 01:00,21.99271544897666
2025-03-06 02:00,20.783116501602624
2025-03-06 03:00,19.273902721548644
2025-03-06 04:00,15.809838201691083
2025-03-06 05:00,12.78946360304574
2025-03-06 06:00,11.0578313915567
2025-03-06 07:00,10.29088709050335
2025-03-06 08:00,7.471177415776568
2025-03-06 09:00,9.792656495957342
2025-03-06 10:00,12.791593433411219
2025-03-06 11:00,20.00328099336304
2025-03-06 12:00,21.934856145747645
2025-03-06 13:00,21.34588278288276
2025-03-06 14:00,22.656615163188356
2025-03-06 15:00,27.918908875784716
2025-03-06 16:00,25.468451386399195
2025-03-06 17:00,29.281939832966223
2025-03-06 18:00,25.532193545682638
2025-03-06 19:00,19.311030031621083
2025-03-06 20:00,19.36261480185157
2025-03-06 21:00,11.983976717691641
2025-03-06 22:00,10.863240720496547
2025-03-06 23:00,6.375133909705305
2025-03-07 00:00,8.376026902811095
2025-03-07 01:00,5.823701902654299
2025-03-07 02:00,4.646614639126835
2025-03-07 03:00,2.968162024727576
2025-03-07 04:00,2.4494608641815243
2025-03-07 05:00,1.7040903833297563
2025-03-07 06:00,0.6359843651577557
2025-03-07 07:00,1.0196316518376694
2025-03-07 08:00,0.16519148615126494
2025-03-07 09:00,0.4747777517088451
2025-03-07 10:00,0.7770340738451109
2025-03-07 11:00,0.0565359853715029
2025-03-07 12:00,0.11491905986959797
2025-03-07 13:00,0.3650498903452059
2025-03-07 14:00,2.1245462760744944
2025-03-07 15:00,5.038768779440463
2025-03-07 16:00,5.392652637687486
2025-03-07 17:00,7.010963988304662
2025-03-07 18:00,3.5127519929710904
2025-03-07 19:00,3.6005464354238574
2025-03-07 20:00,3.1471356114573927
2025-03-07 21:00,1.6684872615821837
2025-03-07 22:00,0.6057734715396706
2025-03-07 23:00,0.5289332668090114
2025-03-08 00:00,0.041686677791952585
2025-03-08 01:00,0.04564142569561403
2025-03-08 02:00,0.28286428903327004
2025-03-08 03:00,0.38023677497141556
2025-03-08 04:00,0.617641320374291
2025-03-08 05:00,2.093305178479593
2025-03-08 06:00,1.5905518946893489
2025-03-08 07:00,0.8488294662879087
2025-03-08 08:00,0.686012157565727
2025-03-08 09:00,0.6645401749557972
2025-03-08 10:00,0.45390205673583434
2025-03-08 11:00,0.32017324791038215
2025-03-08 12:00,0.40902625342264665
2025-03-08 13:00,0.9791155226701629
2025-03-08 14:00,2.441045028306024
2025-03-08 15:00,4.702004982551846
2025-03-08 16:00,5.2387542075102616
2025-03-08 17:00,4.420974280839634
2025-03-08 18:00,3.2393387198606236
2025-03-08 19:00,2.4516336700906534
2025-03-08 20:00,2.4580097533099634
2025-03-08 21:00,1.3355040145657298
2025-03-08 22:00,1.625646654355514
2025-03-08 23:00,0.7973439189558725
2025-03-09 00:00,0.763359030390727
2025-03-09 01:00,0.8825397973621617
2025-03-09 02:00,0.9348352429420489
2025-03-09 03:00,1.2620392739325683
2025-03-09 04:00,0.8840901524140412
2025-03-09 05:00,0.7316123899461314
2025-03-09 06:00,1.1954851510082558
2025-03-09 07:00,2.2170355492270066
2025-03-09 08:00,1.0878561585908562
2025-03-09 09:00,0.8197223048953166
2025-03-09 10:00,1.4103440362626687
2025-03-09 11:00,1.6953866424198332
2025-03-09 12:00,2.008810215228044
2025-03-09 13:00,3.590123402628925
2025-03-09 14:00,5.669624375134081
2025-03-09 15:00,8.939652541342758
2025-03-09 16:00,10.171641709922053
2025-03-09 17:00,7.42643986411732
2025-03-09 18:00,6.4633670232643485
2025-03-09 19:00,5.748603716946615
2025-03-09 20:00,4.357544866004506
2025-03-09 21:00,2.334618244473349
2025-03-09 22:00,1.3578537332111011
2025-03-09 23:00,1.083954028215615
2025-03-10 00:00,0.40783284919767093
2025-03-10 01:00,0.5847619960047474
2025-03-10 02:00,1.1241650356766097
2025-03-10 03:00,2.0035745898729065
2025-03-10 04:00,3.0792579844732946
2025-03-10 05:00,2.9807102983819407
2025-03-10 06:00,2.7287485832995593
2025-03-10 07:00,2.1875395730604072
2025-03-10 08:00,2.842777706789091
2025-03-10 09:00,1.9866030183828414
2025-03-10 10:00,1.650731973267893
2025-03-10 11:00,2.312526886382519
2025-03-10 12:00,2.932884529685288
2025-03-10 13:00,1.5054023506815604
2025-03-10 14:00,1.5573594940598272
2025-03-10 15:00,3.196007156640947
2025-03-10 16:00,3.808482059169778
2025-03-10 17:00,3.1301539691892106
2025-03-10 18:00,2.0870679962314234
2025-03-10 19:00,1.2369508664670321
2025-03-10 20:00,1.5665159327307492
2025-03-10 21:00,1.1214399382524678
2025-03-10 22:00,0.748052667759499
2025-03-10 23:00,1.0370485276139412
2025-03-11 00:00,1.2190726793495754
2025-03-11 01:00,2.7547701383874745
2025-03-11 02:00,2.884029319717617
2025-03-11 03:00,2.1688426030824033
2025-03-11 04:00,3.8795174686967933
2025-03-11 05:00,3.164286591514334
2025-03-11 06:00,4.484255058612016
2025-03-11 07:00,2.9757877166257467
2025-03-11 08:00,1.9854632438830042
2025-03-11 09:00,1.1315900614256398
2025-03-11 10:00,0.8094102855623069
2025-03-11 11:00,0.17895387268846097
2025-03-11 12:00,0.20460648031595455
2025-03-11 13:00,0.12334721948733679
2025-03-11 14:00,0.2137402426109931
2025-03-11 15:00,0.4130583810219248
2025-03-11 16:00,1.0631970861091933
2025-03-11 17:00,1.6675768260609867
2025-03-11 18:00,1.8995154935839684
2025-03-11 19:00,4.012876196694726
2025-03-11 20:00,4.485340654161172
2025-03-11 21:00,4.664105377956352
2025-03-11 22:00,3.4743863513991906
2025-03-11 23:00,3.7515073076318366
2025-03-12 00:00,1.962773184418774
2025-03-12 01:00,1.0260893963578746
2025-03-12 02:00,1.7264738052672315
2025-03-12 03:00,1.421090065425423
2025-03-12 04:00,1.181131811571638
2025-03-12 05:00,1.6971923950107053
2025-03-12 06:00,1.766752689616259
2025-03-12 07:00,2.3017396396512018
2025-03-12 08:00,1.742661906765453
2025-03-12 09:00,1.1898855768572467
2025-03-12 10:00,0.3956847817471495
2025-03-12 11:00,0.5474304391430099
2025-03-12 12:00,1.9721622724678929
2025-03-12 13:00,2.8976939916692803
2025-03-12 14:00,3.6383548966736385
2025-03-12 15:00,3.9066146751372637
2025-03-12 16:00,4.492123271524121
2025-03-12 17:00,4.793760844762526
2025-03-12 18:00,3.873939948773905
2025-03-12 19:00,5.1726657603588455
2025-03-12 20:00,7.475410014121409
2025-03-12 21:00,8.691168459740203
2025-03-12 22:00,7.463972450071605
2025-03-12 23:00,8.544784492591535
2025-03-13 00:00,13.922258846166468
2025-03-13 01:00,12.360515290314506
2025-03-13 02:00,13.753554542986189
2025-03-13 03:00,13.069558351348132
2025-03-13 04:00,14.455003917753588
2025-03-13 05:00,12.612629264750009
2025-03-13 06:00,17.74073963973413
2025-03-13 07:00,19.78329070574718
2025-03-13 08:00,19.08189536353327
2025-03-13 09:00,20.695580202910463
2025-03-13 10:00,29.207509437848856
2025-03-13 11:00,33.83913553039524
2025-03-13 12:00,28.281948461182843
2025-03-13 13:00,30.364756671728287
2025-03-13 14:00,28.252081507521744
2025-03-13 15:00,29.189247253236278
2025-03-13 16:00,31.47802152493488
2025-03-13 17:00,32.52533990121572
2025-03-13 18:00,33.69415195405374
2025-03-13 19:00,29.645377652096947
2025-03-13 20:00,22.612225388801804
2025-03-13 21:00,23.17584149097398
2025-03-13 22:00,21.57320227320033
2025-03-13 23:00,14.574687490771044
2025-03-14 00:00,12.43817921328468
2025-03-14 01:00,11.100075208970381
2025-03-14 02:00,9.164481216505855
2025-03-14 03:00,12.973137900459449
2025-03-14 04:00,13.170247940306663
2025-03-14 05:00,14.483316881383935
2025-03-14 06:00,13.154687147598299
2025-03-14 07:00,11.266742815796619
2025-03-14 08:00,9.810747978773918
2025-03-14 09:00,12.601466381158865
2025-03-14 10:00,9.817054047617562
2025-03-14 11:00,7.99618764636241
2025-03-14 12:00,5.852351638533408
2025-03-14 13:00,4.746467524121294
2025-03-14 14:00,5.77946926866357
2025-03-14 15:00,7.50205376792365
2025-03-14 16:00,10.845282481479682
2025-03-14 17:00,15.066730550815716
2025-03-14 18:00,12.307701052688653
2025-03-14 19:00,9.270113367721436
2025-03-14 20:00,8.81218053390998
2025-03-14 21:00,4.243540780194776
2025-03-14 22:00,4.127826339918272
2025-03-14 23:00,6.28239969685637
2025-03-15 00:00,6.673105425797324
2025-03-15 01:00,6.055477678076299
2025-03-15 02:00,9.671107147788728
2025-03-15 03:00,9.672632513137284
2025-03-15 04:00,12.117563954471201
2025-03-15 05:00,12.076616113430797
2025-03-15 06:00,15.037739173899311
2025-03-15 07:00,14.996436709326302
2025-03-15 08:00,19.342899244610173
2025-03-15 09:00,18.628075774828723
2025-03-15 10:00,17.655346336255356
2025-03-15 11:00,12.389841583084387
2025-03-15 12:00,13.706127009629789
2025-03-15 13:00,11.246974630529518
2025-03-15 14:00,10.114824433416437
2025-03-15 15:00,9.534312024218856
2025-03-15 16:00,8.417735142360565
2025-03-15 17:00,6.372879757819541
2025-03-15 18:00,5.327560140211411
2025-03-15 19:00,3.2487084632854124
2025-03-15 20:00,3.5696263541272897
2025-03-15 21:00,5.340643593959489
2025-03-15 22:00,5.121969392226009
2025-03-15 23:00,6.713222109024705
2025-03-16 00:00,6.459408062661699
2025-03-16 01:00,5.261019309387619
2025-03-16 02:00,5.374063480269339
2025-03-16 03:00,7.5006963527738435
2025-03-16 04:00,8.031469758089248
2025-03-16 05:00,6.550935673722691
2025-03-16 06:00,8.329652896839827
2025-03-16 07:00,12.704524850372106
2025-03-16 08:00,14.434512545198737
2025-03-16 09:00,22.310382462696957
2025-03-16 10:00,32.368080047380445
2025-03-16 11:00,44.65844357476138
2025-03-16 12:00,52.14862829153772
2025-03-16 13:00,54.91130624880107
2025-03-16 14:00,56.21864507762352
2025-03-16 15:00,57.69543935632554
2025-03-16 16:00,55.91465753394981
2025-03-16 17:00,55.318495162830864
2025-03-16 18:00,55.34560819171318
2025-03-16 19:00,56.343668887804
2025-03-16 20:00,56.61307687568765
2025-03-16 21:00,55.189741733547514
2025-03-16 22:00,55.53571339148877
2025-03-16 23:00,54.88538893336441
2025-03-17 00:00,54.203076251477654
2025-03-17 01:00,53.763996894760865
2025-03-17 02:00,55.42112662153873
2025-03-17 03:00,55.341543624869956
2025-03-17 04:00,54.499302833445725
2025-03-17 05:00,54.46689479357785
2025-03-17 06:00,53.588791551068
2025-03-17 07:00,53.20329957362595
2025-03-17 08:00,51.211584336955795
2025-03-17 09:00,46.587624149358575
2025-03-17 10:00,38.12704083298631
2025-03-17 11:00,32.4123257168204
2025-03-17 12:00,29.006632669606727
2025-03-17 13:00,24.386093160541485
2025-03-17 14:00,24.29985790088842
2025-03-17 15:00,20.677809478438437
2025-03-17 16:00,18.22720444550994
2025-03-17 17:00,17.526173862875517
2025-03-17 18:00,15.405926274441804
2025-03-17 19:00,15.62238038928535
2025-03-17 20:00,16.493891103731396
2025-03-17 21:00,17.706700094530163
2025-03-17 22:00,25.292526470857087
2025-03-17 23:00,32.018556409894174
2025-03-18 00:00,33.74955620019616
2025-03-18 01:00,38.29288653688672
2025-03-18 02:00,41.975115411759305
2025-03-18 03:00,48.50411175612267
2025-03-18 04:00,50.22992167833418
2025-03-18 05:00,54.595236919128816
2025-03-18 06:00,56.17600101867872
2025-03-18 07:00,55.31021884053141
2025-03-18 08:00,56.8124448041199
2025-03-18 09:00,55.30919190844073
2025-03-18 10:00,55.368634499540136
2025-03-18 11:00,57.8306682812736
2025-03-18 12:00,56.6334056280444
2025-03-18 13:00,58.64736961971397
2025-03-18 14:00,57.65669818037011
2025-03-18 15:00,55.68009354394523
2025-03-18 16:00,54.59066586543732
2025-03-18 17:00,56.7167202133306
2025-03-18 18:00,54.962350812983765
2025-03-18 19:00,52.660061215489634
2025-03-18 20:00,51.79868171177982
2025-03-18 21:00,51.92631191984657
2025-03-18 22:00,50.0690181274089
2025-03-18 23:00,47.45313562732588
2025-03-19 00:00,39.367929922244684
2025-03-19 01:00,35.29019921846627
2025-03-19 02:00,27.39782251291073
2025-03-19 03:00,26.354094172617806
2025-03-19 04:00,22.2361013775456
2025-03-19 05:00,17.33832183579495
2025-03-19 06:00,15.183386431697283
2025-03-19 07:00,13.492367943641664
2025-03-19 08:00,9.027243452585468
2025-03-19 09:00,12.232405504871284
2025-03-19 10:00,8.398967992677143
2025-03-19 11:00,10.72905125734652
2025-03-19 12:00,8.444481585527345
2025-03-19 13:00,11.768143472619169
2025-03-19 14:00,13.266962355184052
2025-03-19 15:00,14.923356775396147
2025-03-19 16:00,10.498035391444741
2025-03-19 17:00,11.466178304134106
2025-03-19 18:00,8.596908731395006
2025-03-19 19:00,6.213011382228412
2025-03-19 20:00,3.3196591885856
2025-03-19 21:00,4.255842396313625
2025-03-19 22:00,3.268983489783184
2025-03-19 23:00,4.329401640184038
2025-03-20 00:00,6.177547561393695
2025-03-20 01:00,7.635396260396087
2025-03-20 02:00,11.029575158720958
2025-03-20 03:00,17.241082906355924
2025-03-20 04:00,18.685595159318794
2025-03-20 05:00,27.999283070676732
2025-03-20 06:00,29.34893645168494
2025-03-20 07:00,35.15991311007778
2025-03-20 08:00,36.64545907045013
2025-03-20 09:00,36.21147622478361
2025-03-20 10:00,37.878305431384135
2025-03-20 11:00,38.63720273521409
2025-03-20 12:00,36.40772289445319
2025-03-20 13:00,35.53216144276092
2025-03-20 14:00,36.299354028562256
2025-03-20 15:00,38.123904616949616
2025-03-20 16:00,40.36917729754225
2025-03-20 17:00,42.726533572840026
2025-03-20 18:00,44.33954260076156
2025-03-20 19:00,42.28986533934321
2025-03-20 20:00,40.45807595975068
2025-03-20 21:00,37.57939319922086
2025-03-20 22:00,35.496157056084535
2025-03-20 23:00,37.789083624252015
2025-03-21 00:00,38.44119948236716
2025-03-21 01:00,35.265443954954925
2025-03-21 02:00,34.96675797170556
2025-03-21 03:00,33.407838047034225
2025-03-21 04:00,31.796089747862986
2025-03-21 05:00,34.02322138157143
2025-03-21 06:00,34.0006619689861
2025-03-21 07:00,31.758684696018264
2025-03-21 08:00,23.63210789853548
2025-03-21 09:00,25.318894311143033
2025-03-21 10:00,26.38610159663015
2025-03-21 11:00,23.18155446026401
2025-03-21 12:00,23.12780530713816
2025-03-21 13:00,18.51885368114508
2025-03-21 14:00,16.25881142324581
2025-03-21 15:00,17.023306181780946
2025-03-21 16:00,14.30835077120106
2025-03-21 17:00,10.372740093548817
2025-03-21 18:00,8.589418864791185
2025-03-21 19:00,6.032407755974726
2025-03-21 20:00,3.4373166934171664
2025-03-21 21:00,5.730817755157099
2025-03-21 22:00,6.750182200532853
2025-03-21 23:00,13.497470370285765
2025-03-22 00:00,17.105216624176983
2025-03-22 01:00,15.986613491080124
2025-03-22 02:00,19.01925856296717
2025-03-22 03:00,30.40068152345642
2025-03-22 04:00,30.3338486913021
2025-03-22 05:00,32.2908139263976
2025-03-22 06:00,31.278050225903847
2025-03-22 07:00,28.549322460976153
2025-03-22 08:00,23.086131634980283
2025-03-22 09:00,19.816932210787744
2025-03-22 10:00,19.504577728039145
2025-03-22 11:00,19.755607484728376
2025-03-22 12:00,22.031634376027405
2025-03-22 13:00,21.269421552168374
2025-03-22 14:00,18.755805155937175
2025-03-22 15:00,20.53318983038717
2025-03-22 16:00,24.361445303745512
2025-03-22 17:00,27.13164932683322
2025-03-22 18:00,24.7647070000311
2025-03-22 19:00,24.114023704204097
2025-03-22 20:00,24.615401327902966
2025-03-22 21:00,24.60977006557338
2025-03-22 22:00,25.440746509922562
2025-03-22 23:00,25.57827507472671
2025-03-23 00:00,22.484871161485017
2025-03-23 01:00,23.170084969086002
2025-03-23 02:00,24.670323445403668
2025-03-23 03:00,23.18466822682062
2025-03-23 04:00,20.018316711526772
2025-03-23 05:00,17.42991370270316
2025-03-23 06:00,15.84816977635031
2025-03-23 07:00,19.19046205486698
2025-03-23 08:00,19.82990270146955
2025-03-23 09:00,21.466792504436036
2025-03-23 10:00,20.377242222508514
2025-03-23 11:00,18.09566932312251
2025-03-23 12:00,17.760869571732215
2025-03-23 13:00,18.243904717887563
2025-03-23 14:00,18.90651294524264
2025-03-23 15:00,21.25948417980591
2025-03-23 16:00,24.656343319967398
2025-03-23 17:00,24.198911876309552
2025-03-23 18:00,22.410992201392872
2025-03-23 19:00,20.72816547387665
2025-03-23 20:00,23.169201338123194
2025-03-23 21:00,21.84923560152438
2025-03-23 22:00,23.330090156790448
2025-03-23 23:00,24.26722029108371
2025-03-24 00:00,28.066594849036562
2025-03-24 01:00,26.138767216984718
2025-03-24 02:00,33.05651473885054
2025-03-24 03:00,38.3382678990199
2025-03-24 04:00,45.21122192008901
2025-03-24 05:00,49.20979432584569
2025-03-24 06:00,51.33397687750294
2025-03-24 07:00,53.17214061626126
2025-03-24 08:00,56.07284704761968
2025-03-24 09:00,58.40030769512222
2025-03-24 10:00,57.83516073362003
2025-03-24 11:00,57.430330797306596
2025-03-24 12:00,54.242952444352696
2025-03-24 13:00,52.58516472986174
2025-03-24 14:00,52.27700592376589
2025-03-24 15:00,55.39104081614236
2025-03-24 16:00,55.370458234480814
2025-03-24 17:00,52.09069605337751
2025-03-24 18:00,51.15625888089502
2025-03-24 19:00,41.854442847820344
2025-03-24 20:00,39.564732255723946
2025-03-24 21:00,34.761037672294876
2025-03-24 22:00,30.899302260763022
2025-03-24 23:00,23.781516754871006
2025-03-25 00:00,23.019116485901257
2025-03-25 01:00,21.77343558228856
2025-03-25 02:00,21.203677546825382
2025-03-25 03:00,18.969013345365266
2025-03-25 04:00,20.25142341583423
2025-03-25 05:00,20.727556163984836
2025-03-25 06:00,23.58744507079225
2025-03-25 07:00,30.465972994073397
2025-03-25 08:00,30.16763516481378
2025-03-25 09:00,36.966366960528504
2025-03-25 10:00,43.27452574981088
2025-03-25 11:00,49.38852240792918
2025-03-25 12:00,51.78606868641863
2025-03-25 13:00,51.29756242700082
2025-03-25 14:00,52.1605804928212
2025-03-25 15:00,50.560625272044284
2025-03-25 16:00,40.330290489530945
2025-03-25 17:00,35.85739307124052
2025-03-25 18:00,29.85685359650649
2025-03-25 19:00,21.087631126042
2025-03-25 20:00,11.005140280343065
2025-03-25 21:00,4.14939635361824
2025-03-25 22:00,2.3546278525942688
2025-03-25 23:00,2.412450646766569
2025-03-26 00:00,1.609746055593394
2025-03-26 01:00,1.1209323485765406
2025-03-26 02:00,1.0569422210308868
2025-03-26 03:00,1.1081261972470888
2025-03-26 04:00,1.2146471424767453
2025-03-26 05:00,1.4094641217603365
2025-03-26 06:00,2.3756082118023083
2025-03-26 07:00,2.639565942696343
2025-03-26 08:00,1.894150119851781
2025-03-26 09:00,2.4540277922698657
2025-03-26 10:00,3.876021203605223
2025-03-26 11:00,3.11912943905355
2025-03-26 12:00,6.3979467704271284
2025-03-26 13:00,10.749693025379901
2025-03-26 14:00,11.58369409094627
2025-03-26 15:00,19.949075917679004
2025-03-26 16:00,25.18466669113936
2025-03-26 17:00,31.82878424566446
2025-03-26 18:00,32.847710183769465
2025-03-26 19:00,39.65813623966398
2025-03-26 20:00,48.515858741116915
2025-03-26 21:00,50.36308859000227
2025-03-26 22:00,53.75792665935465
2025-03-26 23:00,56.374007129989124
2025-03-27 00:00,54.14676038804005
2025-03-27 01:00,51.258216281203595
2025-03-27 02:00,51.31805793117626
2025-03-27 03:00,52.17697057777409
2025-03-27 04:00,50.53706844298962
2025-03-27 05:00,51.572562983521415
2025-03-27 06:00,50.41996363776887
2025-03-27 07:00,46.40448808351999
2025-03-27 08:00,47.037053531613445
2025-03-27 09:00,44.518837565768905
2025-03-27 10:00,37.44848933145357
2025-03-27 11:00,27.046629128019156
2025-03-27 12:00,25.491292030997684
2025-03-27 13:00,23.165709357152558
2025-03-27 14:00,26.812665574160746
2025-03-27 15:00,26.322449292512083
2025-03-27 16:00,26.123404365980818
2025-03-27 17:00,33.376398197424855
2025-03-27 18:00,39.47867787621428
2025-03-27 19:00,37.54999772521099
2025-03-27 20:00,37.07786590016336
2025-03-27 21:00,38.5528588740675
2025-03-27 22:00,43.02591180188966
2025-03-27 23:00,44.91239232096094
2025-03-28 00:00,47.964387445096136
2025-03-28 01:00,47.84011641183668
2025-03-28 02:00,48.130077821198455
2025-03-28 03:00,50.61885963964722
2025-03-28 04:00,51.66734653121151
2025-03-28 05:00,49.86940017420126
2025-03-28 06:00,51.868480705448306
2025-03-28 07:00,52.74328093012396
2025-03-28 08:00,54.126165577891356
2025-03-28 09:00,52.635161242977475
2025-03-28 10:00,54.38464723281789
2025-03-28 11:00,53.32000644353079
2025-03-28 12:00,53.320238602366956
2025-03-28 13:00,53.30354875421953
2025-03-28 14:00,54.65936019270269
2025-03-28 15:00,53.18283912154334
2025-03-28 16:00,53.32835083386297
2025-03-28 17:00,54.70735664409237
2025-03-28 18:00,54.424333623657105
2025-03-28 19:00,53.93820354891528
2025-03-28 20:00,53.199069348940995
2025-03-28 21:00,49.350363960498626
2025-03-28 22:00,45.13024889546661
2025-03-28 23:00,33.19503842422309
2025-03-29 00:00,20.876799743115363
2025-03-29 01:00,17.887797172573507
2025-03-29 02:00,11.312242194500499
2025-03-29 03:00,11.920777972490956
2025-03-29 04:00,7.5969685144362025
2025-03-29 05:00,9.185115680318518
2025-03-29 06:00,9.114553627082655
2025-03-29 07:00,6.895423044656633
2025-03-29 08:00,8.44918597687494
2025-03-29 09:00,7.9412052235043635
2025-03-29 10:00,10.64714404067241
2025-03-29 11:00,12.685321275972298
2025-03-29 12:00,26.005830677086983
2025-03-29 13:00,34.07244518167831
2025-03-29 14:00,43.02731028121397
2025-03-29 15:00,40.33595734724071
2025-03-29 16:00,47.14957234268504
2025-03-29 17:00,45.825039715844994
2025-03-29 18:00,44.470783816873336
2025-03-29 19:00,42.897785188479546
2025-03-29 20:00,41.15673104337279
2025-03-29 21:00,36.482628659393484
2025-03-29 22:00,27.05767813025733
2025-03-29 23:00,24.287097519300453
2025-03-30 00:00,16.67148172622867
2025-03-30 01:00,7.691965111133754
2025-03-30 02:00,6.238924535558633
2025-03-30 03:00,7.208408229110244
2025-03-30 04:00,6.3487031363996405
2025-03-30 05:00,8.697492763916422
2025-03-30 06:00,13.00276272231158
2025-03-30 07:00,16.859901606512018
2025-03-30 08:00,17.267020569009365
2025-03-30 09:00,13.803865977389684
2025-03-30 10:00,11.683047540907396
2025-03-30 11:00,13.127974766571107
2025-03-30 12:00,14.064751476880916
2025-03-30 13:00,13.417481389748229
2025-03-30 14:00,13.808692080953733
2025-03-30 15:00,16.540921000158704
2025-03-30 16:00,11.056170888103207
2025-03-30 17:00,10.580744296770852
2025-03-30 18:00,7.493770523209379
2025-03-30 19:00,6.412142227065838
2025-03-30 20:00,5.75214693351343
2025-03-30 21:00,3.580465607306204
2025-03-30 22:00,4.413717592352331
2025-03-30 23:00,4.721203305656107
2025-03-31 00:00,1.6261740799819262
2025-03-31 01:00,1.6501491835668602
2025-03-31 02:00,2.6251463497312204
2025-03-31 03:00,3.3182963933239273
2025-03-31 04:00,3.196678897117324
2025-03-31 05:00,4.571493822913274
2025-03-31 06:00,4.3669786291514185
2025-03-31 07:00,3.083003517996807
2025-03-31 08:00,3.2281885182295897
2025-03-31 09:00,3.067895500753716
2025-03-31 10:00,2.5620041200017485
2025-03-31 11:00,2.12480750653644
2025-03-31 12:00,3.131093049883397
2025-03-31 13:00,3.5441855972103506
2025-03-31 14:00,2.400514797417854
2025-03-31 15:00,3.959016912979691
2025-03-31 16:00,2.983360988130973
2025-03-31 17:00,2.478921381022719
2025-03-31 18:00,2.3038153165668565
2025-03-31 19:00,0.7965395262534638
2025-03-31 20:00,0.1822532277490425
2025-03-31 21:00,0.20619345358070468
2025-03-31 22:00,0.6118238255595535
2025-03-31 23:00,0.45154173865797026
2025-04-01 00:00,0.9499746601750907
2025-04-01 01:00,0.5358192473120291
2025-04-01 02:00,0.5154331697947646
2025-04-01 03:00,0.2408807554568163
2025-04-01 04:00,0.77383298690358
2025-04-01 05:00,1.2586888080686403
2025-04-01 06:00,1.4171876437400575
2025-04-01 07:00,0.9588803521394123
2025-04-01 08:00,0.15174757786638018
2025-04-01 09:00,0.5527311371313053
2025-04-01 10:00,1.3672923412523093
2025-04-01 11:00,0.9094388370288917
2025-04-01 12:00,0.8808107891556396
2025-04-01 13:00,2.96369255375869
2025-04-01 14:00,4.861123565851379
2025-04-01 15:00,7.711324903067438
2025-04-01 16:00,7.9623641357482775
2025-04-01 17:00,7.845220623170446
2025-04-01 18:00,6.176254018453547
2025-04-01 19:00,3.855645390361763
2025-04-01 20:00,2.969386020333448
2025-04-01 21:00,3.392974703940861
2025-04-01 22:00,1.181476953720654
2025-04-01 23:00,1.2238820918559257
2025-04-02 00:00,2.3616436833858154
2025-04-02 01:00,0.778572535726974
2025-04-02 02:00,1.2448313292482585
2025-04-02 03:00,1.5362980343555446
2025-04-02 04:00,2.0998523438169023
2025-04-02 05:00,3.1183148192650876
2025-04-02 06:00,3.6528217080652565
2025-04-02 07:00,2.7529357674940647
2025-04-02 08:00,1.4999090509227093
2025-04-02 09:00,1.506488801125871
2025-04-02 10:00,1.3230015337961896
2025-04-02 11:00,5.5207585535481005
2025-04-02 12:00,7.632658454367705
2025-04-02 13:00,7.86828058979478
2025-04-02 14:00,10.9124317451255
2025-04-02 15:00,11.573186260578744
2025-04-02 16:00,15.317331038232963
2025-04-02 17:00,17.04832652229537
2025-04-02 18:00,14.433363904864155
2025-04-02 19:00,13.645044269431299
2025-04-02 20:00,10.39776023816697
2025-04-02 21:00,4.42417476222515
2025-04-02 22:00,4.247848064867422
2025-04-02 23:00,3.70504526205258
2025-04-03 00:00,4.318384996244811
2025-04-03 01:00,3.368404497206641
2025-04-03 02:00,2.1384694161978888
2025-04-03 03:00,2.3024212862674323
2025-04-03 04:00,1.7064710315678662
2025-04-03 05:00,1.9439508336638789
2025-04-03 06:00,2.61363631158197
2025-04-03 07:00,3.6606334031971226
2025-04-03 08:00,3.702615154729585
2025-04-03 09:00,3.9265630835489063
2025-04-03 10:00,2.7792483572128477
2025-04-03 11:00,2.365775107653304
2025-04-03 12:00,3.2065753314654053
2025-04-03 13:00,6.177264745324162
2025-04-03 14:00,7.245483983388926
2025-04-03 15:00,10.717896187055665
2025-04-03 16:00,12.800073872678972
2025-04-03 17:00,12.56164951553571
2025-04-03 18:00,13.316427630000746
2025-04-03 19:00,9.22250138735107
2025-04-03 20:00,5.474906107806855
2025-04-03 21:00,3.269952904019551
2025-04-03 22:00,1.7972519116969168
2025-04-03 23:00,0.5866136642316969
2025-04-04 00:00,0.06941673336829236
2025-04-04 01:00,0.5255748709172569
2025-04-04 02:00,0.5477885108316226
2025-04-04 03:00,0.4166393222904687
2025-04-04 04:00,0.15829681477396307
2025-04-04 05:00,0.683840907550421
2025-04-04 06:00,0.7217124201625804
2025-04-04 07:00,0.45374854094927974
2025-04-04 08:00,0.5030519662458017
2025-04-04 09:00,1.3285836996072509
2025-04-04 10:00,2.3162766863969684
2025-04-04 11:00,3.662308834778079
2025-04-04 12:00,6.403986268053786
2025-04-04 13:00,9.243478791882108
2025-04-04 14:00,8.782918232943091
2025-04-04 15:00,9.70106436995426
2025-04-04 16:00,7.7800104787913025
2025-04-04 17:00,8.115694937683614
2025-04-04 18:00,4.998617870930981
2025-04-04 19:00,3.593371419821483
2025-04-04 20:00,4.5737091541700945
2025-04-04 21:00,1.885592041704585
2025-04-04 22:00,3.2213875151210454
2025-04-04 23:00,4.070427107420395
2025-04-05 00:00,3.890421398066815
2025-04-05 01:00,1.8148399451737394
2025-04-05 02:00,4.821138628535005
2025-04-05 03:00,6.5065697577697215
2025-04-05 04:00,7.788307183846392
2025-04-05 05:00,9.593556520095188
2025-04-05 06:00,21.70400562196341
2025-04-05 07:00,31.794944511114544
2025-04-05 08:00,39.75255683584602
2025-04-05 09:00,37.8409317103517
2025-04-05 10:00,36.435098325672485
2025-04-05 11:00,36.86596783099286
2025-04-05 12:00,37.91251082242583
2025-04-05 13:00,41.90189905181727
2025-04-05 14:00,41.50635506633596
2025-04-05 15:00,35.49076897226359
2025-04-05 16:00,30.772386791460058
2025-04-05 17:00,26.657289612365936
2025-04-05 18:00,21.779455381202332
2025-04-05 19:00,19.221589005288745
2025-04-05 20:00,9.545674660324739
2025-04-05 21:00,5.160112445896031
2025-04-05 22:00,2.25330659703988
2025-04-05 23:00,2.1012631601010523
2025-04-06 00:00,3.3325539581518164
2025-04-06 01:00,2.9411012223291304
2025-04-06 02:00,1.906464064401217
2025-04-06 03:00,1.8998030914756647
2025-04-06 04:00,1.5157905850501188
2025-04-06 05:00,2.394131787803028
2025-04-06 06:00,2.6715998451965
2025-04-06 07:00,3.790132696259054
2025-04-06 08:00,3.572414593740593
2025-04-06 09:00,6.133509719263701
2025-04-06 10:00,6.01552218608416
2025-04-06 11:00,8.974205462828696
2025-04-06 12:00,11.704084137140255
2025-04-06 13:00,13.445623942529028
2025-04-06 14:00,13.894565555943851
2025-04-06 15:00,13.915885501335104
2025-04-06 16:00,16.65158965373566
2025-04-06 17:00,16.710275102893945
2025-04-06 18:00,9.343149553472255
2025-04-06 19:00,6.334653851404877
2025-04-06 20:00,3.978719690423181
2025-04-06 21:00,3.836793238809184
2025-04-06 22:00,3.7125788089787513
2025-04-06 23:00,2.663393460971239
2025-04-07 00:00,2.926922169456626
2025-04-07 01:00,2.9406750144401226
2025-04-07 02:00,2.6494613893662406
2025-04-07 03:00,3.271701201823363
2025-04-07 04:00,4.3868585847920745
2025-04-07 05:00,10.509327119129292
2025-04-07 06:00,14.171655923214706
2025-04-07 07:00,17.77403462938676
2025-04-07 08:00,15.730336350086276
2025-04-07 09:00,25.790826627508682
2025-04-07 10:00,35.827247360181545
2025-04-07 11:00,38.881091896870366
2025-04-07 12:00,41.002648943632714
2025-04-07 13:00,43.98299602977629
2025-04-07 14:00,43.940052776730845
2025-04-07 15:00,45.26596357002667
2025-04-07 16:00,46.653620761605445
2025-04-07 17:00,48.773180085625555
2025-04-07 18:00,49.58346555913127
2025-04-07 19:00,49.146720450767816
2025-04-07 20:00,47.88422934633337
2025-04-07 21:00,48.386524511486705
2025-04-07 22:00,47.46367835410725
2025-04-07 23:00,47.27240846860809
2025-04-08 00:00,50.178917355075086
2025-04-08 01:00,49.86351882393565
2025-04-08 02:00,47.55057119251937
2025-04-08 03:00,45.759278360088516
2025-04-08 04:00,41.40562058454958
2025-04-08 05:00,41.201544389950485
2025-04-08 06:00,36.373621916026856
2025-04-08 07:00,33.71619228774628
2025-04-08 08:00,27.25906209417869
2025-04-08 09:00,26.26248680850513
2025-04-08 10:00,20.837499758184766
2025-04-08 11:00,19.056975962456686
2025-04-08 12:00,18.322996005054375
2025-04-08 13:00,19.395373882630523
2025-04-08 14:00,11.053028796059913
2025-04-08 15:00,11.135910365562527
2025-04-08 16:00,10.340761690428641
2025-04-08 17:00,9.78874281201793
2025-04-08 18:00,6.633166291238103
2025-04-08 19:00,3.365585495530624
2025-04-08 20:00,2.1940020434020093
2025-04-08 21:00,1.396451025287156
2025-04-08 22:00,2.254569675435354
2025-04-08 23:00,0.5656186721364049
2025-04-09 00:00,1.036892677739322
2025-04-09 01:00,0.743154833769657
2025-04-09 02:00,0.004121751625234206
2025-04-09 03:00,0.24221472201934394
2025-04-09 04:00,0.21643074920322664
2025-04-09 05:00,0.1993064055028626
2025-04-09 06:00,0.5905800463858961
2025-04-09 07:00,0.6316248473569132
2025-04-09 08:00,0.6472587704507184
2025-04-09 09:00,2.262574583006943
2025-04-09 10:00,2.0328016847898005
2025-04-09 11:00,2.9220455667565353
2025-04-09 12:00,4.267586167887764
2025-04-09 13:00,6.461819283516035
2025-04-09 14:00,8.225708587303238
2025-04-09 15:00,11.74346911012345
2025-04-09 16:00,10.608531144096222
2025-04-09 17:00,9.523253302022537
2025-04-09 18:00,7.03219133884784
2025-04-09 19:00,5.921755812608658
2025-04-09 20:00,4.063299815044642
2025-04-09 21:00,2.792308670030458
2025-04-09 22:00,1.5936499950775413
2025-04-09 23:00,1.608404829132243
2025-04-10 00:00,0.4527552008304153
2025-04-10 01:00,0.23986265167523182
2025-04-10 02:00,0.10431624457521853
2025-04-10 03:00,0.08009603306508975
2025-04-10 04:00,0.22641869197942013
2025-04-10 05:00,0.6606575307839377
2025-04-10 06:00,0.7977057489360497
2025-04-10 07:00,1.049433294998158
2025-04-10 08:00,0.4860673292193184
2025-04-10 09:00,0.47350493970105667
2025-04-10 10:00,0.9604111554910819
2025-04-10 11:00,1.1356953630266617
2025-04-10 12:00,2.8465131678622457
2025-04-10 13:00,3.3897020984847073
2025-04-10 14:00,5.779125426878011
2025-04-10 15:00,6.234895104221772
2025-04-10 16:00,4.800648969702143
2025-04-10 17:00,4.185322415360261
2025-04-10 18:00,4.3206988859241235
2025-04-10 19:00,3.889416721984472
2025-04-10 20:00,4.069434090679195
2025-04-10 21:00,1.6032188112250632
2025-04-10 22:00,1.7622888338036096
2025-04-10 23:00,2.3987204323938
2025-04-11 00:00,2.8114791141978492
2025-04-11 01:00,1.8765893099053184
2025-04-11 02:00,1.7165925322013778
2025-04-11 03:00,1.4753472694367165
2025-04-11 04:00,1.1129872410739148
2025-04-11 05:00,0.5355707286553917
2025-04-11 06:00,0.5814265886834568
2025-04-11 07:00,0.059864376084680586
2025-04-11 08:00,0.10809210359967802
2025-04-11 09:00,0.06337501714218241
2025-04-11 10:00,0.08878357485593381
2025-04-11 11:00,0.09897931297601852
2025-04-11 12:00,0.9924659710573727
2025-04-11 13:00,1.9684946184474237
2025-04-11 14:00,3.379358638951137
2025-04-11 15:00,4.080164515890325
2025-04-11 16:00,4.021486398126898
2025-04-11 17:00,2.8527282103274656
2025-04-11 18:00,2.504695964089799
2025-04-11 19:00,2.3133400930736983
2025-04-11 20:00,2.4316014307057046
2025-04-11 21:00,4.334409476662625
2025-04-11 22:00,4.634009295913816
2025-04-11 23:00,5.165017604460969
2025-04-12 00:00,9.065177099291214
2025-04-12 01:00,16.519843789210125
2025-04-12 02:00,23.863070057910704
2025-04-12 03:00,32.30011502105263
2025-04-12 04:00,35.70505392152543
2025-04-12 05:00,41.406488890658515
2025-04-12 06:00,47.847285741398
2025-04-12 07:00,45.281908632915844
2025-04-12 08:00,46.31407755491304
2025-04-12 09:00,48.8971809733505
2025-04-12 10:00,47.149964509735995
2025-04-12 11:00,49.62988261972325
2025-04-12 12:00,50.96080534484266
2025-04-12 13:00,47.43942260787392
2025-04-12 14:00,51.21277670316286
2025-04-12 15:00,53.85105536405938
2025-04-12 16:00,53.15672637483581
2025-04-12 17:00,54.04416810351595
2025-04-12 18:00,52.13879979548234
2025-04-12 19:00,52.38175000682457
2025-04-12 20:00,51.76027454569879
2025-04-12 21:00,49.83597592315856
2025-04-12 22:00,48.32198062702281
2025-04-12 23:00,48.076771005685885
2025-04-13 00:00,43.75598626675353
2025-04-13 01:00,30.529813410072236
2025-04-13 02:00,26.954855317776772
2025-04-13 03:00,30.275489525664817
2025-04-13 04:00,35.20635557171899
2025-04-13 05:00,38.39926259624406
2025-04-13 06:00,46.501162142606645
2025-04-13 07:00,50.751035964888
2025-04-13 08:00,51.80835955953307
2025-04-13 09:00,52.029840129763436
2025-04-13 10:00,51.34272673811734
2025-04-13 11:00,52.96186517925936
2025-04-13 12:00,51.08283126560057
2025-04-13 13:00,48.4449632080212
2025-04-13 14:00,47.68827799490741
2025-04-13 15:00,50.5411603477895
2025-04-13 16:00,49.56013444185382
2025-04-13 17:00,46.65698034524449
2025-04-13 18:00,45.12209018930255
2025-04-13 19:00,43.963434336351455
2025-04-13 20:00,40.149294019477
2025-04-13 21:00,41.98415026793148
2025-04-13 22:00,43.15786450436507
2025-04-13 23:00,44.895305997959824
2025-04-14 00:00,46.272643858006006
2025-04-14 01:00,46.27389778174137
2025-04-14 02:00,48.00340759418183
2025-04-14 03:00,47.96775710875936
2025-04-14 04:00,46.51393608079299
2025-04-14 05:00,39.469292205655236
2025-04-14 06:00,34.89350214594414
2025-04-14 07:00,31.093454851749648
2025-04-14 08:00,29.494705846118478
2025-04-14 09:00,25.53735650604601
2025-04-14 10:00,23.044352821214797
2025-04-14 11:00,23.44757449238036
2025-04-14 12:00,28.205493226414912
2025-04-14 13:00,30.403845900435996
2025-04-14 14:00,37.38661853679117
2025-04-14 15:00,38.256749264665984
2025-04-14 16:00,39.439881711644006
2025-04-14 17:00,40.95638189404407
2025-04-14 18:00,41.912505941632645
2025-04-14 19:00,46.185065723800456
2025-04-14 20:00,50.85440518658319
2025-04-14 21:00,49.70490511221112
2025-04-14 22:00,47.478221008012454
2025-04-14 23:00,46.26972423776597
2025-04-15 00:00,48.7084998364192
2025-04-15 01:00,47.410817696264026
2025-04-15 02:00,45.48165601235548
2025-04-15 03:00,44.33922775165549
2025-04-15 04:00,43.50891584182378
2025-04-15 05:00,39.27654516390534
2025-04-15 06:00,36.0959920895079
2025-04-15 07:00,34.89031306776114
2025-04-15 08:00,37.5942515036785
2025-04-15 09:00,36.747198751786115
2025-04-15 10:00,30.671287417211673
2025-04-15 11:00,31.33088033464272
2025-04-15 12:00,35.418583568437995
2025-04-15 13:00,29.828014823465026
2025-04-15 14:00,31.546186542962666
2025-04-15 15:00,28.001547435433565
2025-04-15 16:00,25.20181152293427
2025-04-15 17:00,24.93350217737153
2025-04-15 18:00,18.079488564319643
2025-04-15 19:00,12.757331750167431
2025-04-15 20:00,6.868080921742775
2025-04-15 21:00,4.336212504579599
2025-04-15 22:00,3.14625508831368
2025-04-15 23:00,3.3810347635360323
2025-04-16 00:00,5.324432385041053
2025-04-16 01:00,5.679634181905007
2025-04-16 02:00,7.483009118347724
2025-04-16 03:00,8.60562417018513
2025-04-16 04:00,21.12686411116642
2025-04-16 05:00,28.911558120893556
2025-04-16 06:00,33.322292780634704
2025-04-16 07:00,33.85265430530306
2025-04-16 08:00,38.85545277204864
2025-04-16 09:00,45.26601503741719
2025-04-16 10:00,49.32552115484526
2025-04-16 11:00,45.266773768280224
2025-04-16 12:00,48.1874438493135
2025-04-16 13:00,47.99501220941842
2025-04-16 14:00,48.50892154836134
2025-04-16 15:00,48.66588301639848
2025-04-16 16:00,51.612785585285145
2025-04-16 17:00,52.27179688616626
2025-04-16 18:00,52.134607271176066
2025-04-16 19:00,53.24585655994086
2025-04-16 20:00,54.35959422011669
2025-04-16 21:00,52.70306187273587
2025-04-16 22:00,52.01343272805432
2025-04-16 23:00,51.34575851302278
2025-04-17 00:00,52.732120139013574
2025-04-17 01:00,51.77151018900896
2025-04-17 02:00,50.82102254117508
2025-04-17 03:00,52.95929029952512
2025-04-17 04:00,52.78010455789614
2025-04-17 05:00,52.38074790714168
2025-04-17 06:00,52.507166040262334
2025-04-17 07:00,52.5376625097634
2025-04-17 08:00,53.47817238090151
2025-04-17 09:00,53.69125611420468
2025-04-17 10:00,54.66156010310162
2025-04-17 11:00,53.50835128830673
2025-04-17 12:00,53.640685351056284
2025-04-17 13:00,53.81745196198515
2025-04-17 14:00,52.112991536334434
2025-04-17 15:00,51.36493827911101
2025-04-17 16:00,51.48455398625151
2025-04-17 17:00,50.602612893809344
2025-04-17 18:00,48.73148907780195
2025-04-17 19:00,48.05261611329423
2025-04-17 20:00,49.95285017463832
2025-04-17 21:00,46.68500100009198
2025-04-17 22:00,47.02899162576662
2025-04-17 23:00,48.11224725040017
2025-04-18 00:00,45.355645623202534
2025-04-18 01:00,46.85536864100242
2025-04-18 02:00,48.620985932273605
2025-04-18 03:00,48.58068558227866
2025-04-18 04:00,48.3280467129246
2025-04-18 05:00,46.98280450082322
2025-04-18 06:00,44.727916578689104
2025-04-18 07:00,40.854555886822226
2025-04-18 08:00,39.85470076957559
2025-04-18 09:00,38.85055268928315
2025-04-18 10:00,35.001374900796975
2025-04-18 11:00,32.19763102143746
2025-04-18 12:00,30.055655977781264
2025-04-18 13:00,26.880587043536153
2025-04-18 14:00,26.20124034770889
2025-04-18 15:00,27.99612150284773
2025-04-18 16:00,31.050509048353312
2025-04-18 17:00,33.050985744956876
2025-04-18 18:00,33.20128787366339
2025-04-18 19:00,27.991871703129544
2025-04-18 20:00,26.87889775988196
2025-04-18 21:00,30.05590281842806
2025-04-18 22:00,31.674401195558485
2025-04-18 23:00,36.06432475533946
2025-04-19 00:00,33.472988707444586
2025-04-19 01:00,36.10714833952138
2025-04-19 02:00,37.79455203470965
2025-04-19 03:00,39.8219365595996
2025-04-19 04:00,43.527047695793506
2025-04-19 05:00,43.7002200816668
2025-04-19 06:00,43.64451772221016
2025-04-19 07:00,47.23951121547921
2025-04-19 08:00,49.8877750592239
2025-04-19 09:00,51.009043829154884
2025-04-19 10:00,50.81877263340601
2025-04-19 11:00,49.068615053334085
2025-04-19 12:00,51.07654493496906
2025-04-19 13:00,50.89803124301381
2025-04-19 14:00,47.51543205877562
2025-04-19 15:00,47.21309571226011
2025-04-19 16:00,46.50603856914271
2025-04-19 17:00,39.48594874289641
2025-04-19 18:00,39.69141575448274
2025-04-19 19:00,34.75051375083982
2025-04-19 20:00,27.362191510085523
2025-04-19 21:00,12.979983142218291
2025-04-19 22:00,8.129448023288523
2025-04-19 23:00,5.101009572334102
2025-04-20 00:00,2.041465434518062
2025-04-20 01:00,2.5776145281841853
2025-04-20 02:00,1.8868991510998003
2025-04-20 03:00,2.0789226849274534
2025-04-20 04:00,4.668463234082742
2025-04-20 05:00,9.002827498400382
2025-04-20 06:00,10.546876730491142
2025-04-20 07:00,11.349248720054415
2025-04-20 08:00,13.08775577955323
2025-04-20 09:00,9.654408917125572
2025-04-20 10:00,10.887635764202493
2025-04-20 11:00,12.969510697675268
2025-04-20 12:00,12.23986039677304
2025-04-20 13:00,11.337123561547488
2025-04-20 14:00,11.054654564087784
2025-04-20 15:00,10.956191327477946
2025-04-20 16:00,13.94137452965258
2025-04-20 17:00,17.49222611041805
2025-04-20 18:00,15.025547479421
2025-04-20 19:00,13.372031934506573
2025-04-20 20:00,9.59331887956876
2025-04-20 21:00,7.148517942173235
2025-04-20 22:00,3.029303219007229
2025-04-20 23:00,2.2000255839871654
2025-04-21 00:00,0.018062118459268587
2025-04-21 01:00,0.028816432914541307
2025-04-21 02:00,0.02756537015023095
2025-04-21 03:00,0.10219270466346922
2025-04-21 04:00,0.216410512033127
2025-04-21 05:00,0.27165273471702667
2025-04-21 06:00,1.1241314073023947
2025-04-21 07:00,1.6497972348460295
2025-04-21 08:00,2.325027211686392
2025-04-21 09:00,3.0211159224505066
2025-04-21 10:00,1.9308213485549786
2025-04-21 11:00,4.507573056013987
2025-04-21 12:00,6.8265343038398925
2025-04-21 13:00,6.170115144537059
2025-04-21 14:00,5.5180215168744
2025-04-21 15:00,6.0759222447913706
2025-04-21 16:00,7.381565669885061
2025-04-21 17:00,9.182798389015819
2025-04-21 18:00,7.042865945432094
2025-04-21 19:00,5.58947903607406
2025-04-21 20:00,7.708206151818325
2025-04-21 21:00,9.790774364633023
2025-04-21 22:00,10.320491120813065
2025-04-21 23:00,10.063845544828606
2025-04-22 00:00,7.488282400518175
2025-04-22 01:00,9.569481101707758
2025-04-22 02:00,11.15641714418041
2025-04-22 03:00,14.256498773096258
2025-04-22 04:00,21.487141993355653
2025-04-22 05:00,28.333819346314474
2025-04-22 06:00,30.527032055160767
2025-04-22 07:00,32.46965720996492
2025-04-22 08:00,39.31926915940591
2025-04-22 09:00,38.62923944071183
2025-04-22 10:00,43.5231590249612
2025-04-22 11:00,43.76953079794442
2025-04-22 12:00,43.30113576818462
2025-04-22 13:00,40.638469533207896
2025-04-22 14:00,40.68652262530286
2025-04-22 15:00,37.66205671635338
2025-04-22 16:00,32.489420100469275
2025-04-22 17:00,28.15672662710987
2025-04-22 18:00,26.483473006067324
2025-04-22 19:00,22.86675913680437
2025-04-22 20:00,15.10076237807949
2025-04-22 21:00,12.062180536306592
2025-04-22 22:00,12.783388152207595
2025-04-22 23:00,14.102900838456005
2025-04-23 00:00,17.05636392015436
2025-04-23 01:00,18.60650727441479
2025-04-23 02:00,16.62807507419869
2025-04-23 03:00,16.766758906941384
2025-04-23 04:00,16.9954194111152
2025-04-23 05:00,16.51157601706704
2025-04-23 06:00,14.255817284134423
2025-04-23 07:00,11.271684566228767
2025-04-23 08:00,8.765085417387333
2025-04-23 09:00,7.516502017035441
2025-04-23 10:00,3.9160534101745545
2025-04-23 11:00,2.425723507923662
2025-04-23 12:00,0.8086354076748069
2025-04-23 13:00,2.4734376876982207
2025-04-23 14:00,3.246376059029999
2025-04-23 15:00,4.729786682916902
2025-04-23 16:00,5.424602262219966
2025-04-23 17:00,2.6649657854567135
2025-04-23 18:00,1.5666478910322374
2025-04-23 19:00,1.252505441422218
2025-04-23 20:00,0.6830491005547534
2025-04-23 21:00,0.41276220226985344
2025-04-23 22:00,0.41140865974469254
2025-04-23 23:00,0.4266728224299177
2025-04-24 00:00,0.5242634176172734
2025-04-24 01:00,0.35521478589260697
2025-04-24 02:00,0.6911363469005902
2025-04-24 03:00,0.715791431822734
2025-04-24 04:00,0.7844123270118889
2025-04-24 05:00,1.1353468580981059
2025-04-24 06:00,1.184334895806743
2025-04-24 07:00,1.351469628866379
2025-04-24 08:00,2.0921755679756835
2025-04-24 09:00,2.9052315271435365
2025-04-24 10:00,3.7061632844384524
2025-04-24 11:00,7.246289045293274
2025-04-24 12:00,7.288565721380094
2025-04-24 13:00,7.304460647748512
2025-04-24 14:00,9.452106854492003
2025-04-24 15:00,11.959818447847391
2025-04-24 16:00,15.283948100418268
2025-04-24 17:00,21.694889055879173
2025-04-24 18:00,28.71784560114479
2025-04-24 19:00,29.629107114683748
2025-04-24 20:00,32.33348174225398
2025-04-24 21:00,31.820255908308276
2025-04-24 22:00,26.143385920355005
2025-04-24 23:00,23.308534356480525
2025-04-25 00:00,23.904609236630534
2025-04-25 01:00,18.807019028898907
2025-04-25 02:00,19.11289138018311
2025-04-25 03:00,16.997337230824257
2025-04-25 04:00,16.753789684895903
2025-04-25 05:00,13.39333168438516
2025-04-25 06:00,12.02520253530831
2025-04-25 07:00,9.187699330755768
2025-04-25 08:00,5.494082462168439
2025-04-25 09:00,4.653969194490136
2025-04-25 10:00,5.194910769036686
2025-04-25 11:00,6.447542417170824
2025-04-25 12:00,7.674355540777507
2025-04-25 13:00,8.142465636887025
2025-04-25 14:00,7.891087071535299
2025-04-25 15:00,8.828594692322097
2025-04-25 16:00,10.449848138189068
2025-04-25 17:00,10.586743108440618
2025-04-25 18:00,8.247269243113108
2025-04-25 19:00,4.056699438869083
2025-04-25 20:00,1.8727149620978056
2025-04-25 21:00,1.0217469712241858
2025-04-25 22:00,0.6808491733378355
2025-04-25 23:00,0.6962655812671066
2025-04-26 00:00,0.6866090187010485
2025-04-26 01:00,0.8231063486989656
2025-04-26 02:00,0.7282393308863127
2025-04-26 03:00,0.7625527534545783
2025-04-26 04:00,0.8560199620064405
2025-04-26 05:00,1.547772656818309
2025-04-26 06:00,2.299309847070244
2025-04-26 07:00,1.2302948684585413
2025-04-26 08:00,3.8973200610132244
2025-04-26 09:00,4.394582023374164
2025-04-26 10:00,4.160981220622677
2025-04-26 11:00,7.8893734200744134
2025-04-26 12:00,8.94336503406645
2025-04-26 13:00,11.70750148558664
2025-04-26 14:00,12.539229887835003
2025-04-26 15:00,18.578352599938697
2025-04-26 16:00,19.8194121743077
2025-04-26 17:00,23.25558511878109
2025-04-26 18:00,19.477303591120055
2025-04-26 19:00,22.290910323730937
2025-04-26 20:00,26.723022799482568
2025-04-26 21:00,18.682505496057164
2025-04-26 22:00,18.520879181376266
2025-04-26 23:00,19.52288015457924
2025-04-27 00:00,16.76877049789055
2025-04-27 01:00,13.850625001893569
2025-04-27 02:00,11.027861549522326
2025-04-27 03:00,12.190835031973101
2025-04-27 04:00,12.931572070934452
2025-04-27 05:00,13.460723114084935
2025-04-27 06:00,14.762270786759014
2025-04-27 07:00,18.686349131339384
2025-04-27 08:00,15.244015391705569
2025-04-27 09:00,9.993996159997035
2025-04-27 10:00,6.775051079004232
2025-04-27 11:00,7.217518308041333
2025-04-27 12:00,8.326721748569133
2025-04-27 13:00,8.174710278959873
2025-04-27 14:00,7.810966361316908
2025-04-27 15:00,6.893303131744675
2025-04-27 16:00,4.843808920853842
2025-04-27 17:00,4.8113566350442545
2025-04-27 18:00,3.5286046514722615
2025-04-27 19:00,3.097896470153054
2025-04-27 20:00,3.1809540017004507
2025-04-27 21:00,2.1320091680467885
2025-04-27 22:00,2.6782674930217825
2025-04-27 23:00,2.3907402249195067
2025-04-28 00:00,1.527040599306768
2025-04-28 01:00,0.8290178943567499
2025-04-28 02:00,0.4264017074187807
2025-04-28 03:00,1.234221325873312
2025-04-28 04:00,0.6661709359530892
2025-04-28 05:00,0.22091199557675648
2025-04-28 06:00,0.6534839555446657
2025-04-28 07:00,1.5233607812883787
2025-04-28 08:00,2.7714929794104304
2025-04-28 09:00,6.200396488472331
2025-04-28 10:00,8.558013986928824
2025-04-28 11:00,14.078610083801022
2025-04-28 12:00,15.46145325184375
2025-04-28 13:00,27.47246754981993
2025-04-28 14:00,25.918069463993618
2025-04-28 15:00,26.443393253509075
2025-04-28 16:00,31.875286166298903
2025-04-28 17:00,40.38206875414451
2025-04-28 18:00,38.33494340625124
2025-04-28 19:00,26.77353114095267
2025-04-28 20:00,27.082446161059124
2025-04-28 21:00,18.63378195568598
2025-04-28 22:00,14.056204971359094
2025-04-28 23:00,8.928285237835748
2025-04-29 00:00,5.548729522177203
2025-04-29 01:00,1.6898157643225251
2025-04-29 02:00,0.9409619143540697
2025-04-29 03:00,0.8082769720738116
2025-04-29 04:00,1.466771779704074
2025-04-29 05:00,0.9737542057535822
2025-04-29 06:00,0.8912228811488696
2025-04-29 07:00,0.1771475877463016
2025-04-29 08:00,0.014545695724489303
2025-04-29 09:00,0.00530447855825135
2025-04-29 10:00,0.0261979086758698
2025-04-29 11:00,0.00025718077099594604
2025-04-29 12:00,0.29952569279969943
2025-04-29 13:00,1.6838294922088148
2025-04-29 14:00,2.2082680737066793
2025-04-29 15:00,3.1133274356775407
2025-04-29 16:00,4.498050379661533
2025-04-29 17:00,4.9439987557688045
2025-04-29 18:00,6.824944690564854
2025-04-29 19:00,9.908355581198752
2025-04-29 20:00,12.894947916668666
2025-04-29 21:00,14.569208240340684
2025-04-29 22:00,17.364949591939205
2025-04-29 23:00,22.11142811807023
2025-04-30 00:00,17.495185736877527
2025-04-30 01:00,18.989890078415954
2025-04-30 02:00,20.229569965086213
2025-04-30 03:00,27.837055920350657
2025-04-30 04:00,30.88675200903136
2025-04-30 05:00,30.938588820078714
2025-04-30 06:00,30.069236876893974
2025-04-30 07:00,35.11746942486995
2025-04-30 08:00,33.34574548545572
2025-04-30 09:00,37.51683583592916
2025-04-30 10:00,40.863276943064605
2025-04-30 11:00,40.98570421445014
2025-04-30 12:00,42.53169301922233
2025-04-30 13:00,43.75393272286155
2025-04-30 14:00,44.351074384316455
2025-04-30 15:00,43.83233386481042
2025-04-30 16:00,43.23907470363742
2025-04-30 17:00,42.20152016054239
2025-04-30 18:00,40.67520312951537
2025-04-30 19:00,41.513610732236764
2025-04-30 20:00,44.01197030930062
2025-04-30 21:00,44.11122882844617
2025-04-30 22:00,43.75804024244173
2025-04-30 23:00,47.01845115475689
2025-05-01 00:00,46.408529689500895
2025-05-01 01:00,47.676110503923354
2025-05-01 02:00,49.047515796932274
2025-05-01 03:00,50.20660868225143
2025-05-01 04:00,52.64318607476845
2025-05-01 05:00,55.174837437554736
2025-05-01 06:00,55.42186994038468
2025-05-01 07:00,56.32841913270205
2025-05-01 08:00,57.52304651213515
2025-05-01 09:00,56.10408054841173
2025-05-01 10:00,54.201581279573304
2025-05-01 11:00,51.85228628735305
2025-05-01 12:00,50.238207762491314
2025-05-01 13:00,49.89438816373788
2025-05-01 14:00,45.85723427263765
2025-05-01 15:00,38.027725753411275
2025-05-01 16:00,35.403454962314484
2025-05-01 17:00,28.06090675638087
2025-05-01 18:00,27.49368766542579
2025-05-01 19:00,21.12786003184928
2025-05-01 20:00,20.223502702109208
2025-05-01 21:00,20.150122000636713
2025-05-01 22:00,19.570382373792576
2025-05-01 23:00,19.223942860601138
2025-05-02 00:00,24.966764582366963
2025-05-02 01:00,30.518638999952625
2025-05-02 02:00,35.429112237957824
2025-05-02 03:00,39.57716871256973
2025-05-02 04:00,43.73722228079381
2025-05-02 05:00,38.706335608954205
2025-05-02 06:00,36.40456723088847
2025-05-02 07:00,36.41439577597459
2025-05-02 08:00,36.1854114150058
2025-05-02 09:00,40.59303408116338
2025-05-02 10:00,40.0144169554892
2025-05-02 11:00,29.660489784423973
2025-05-02 12:00,25.229335717044023
2025-05-02 13:00,23.097669986704297
2025-05-02 14:00,19.600839234047875
2025-05-02 15:00,11.771132601885029
2025-05-02 16:00,10.233045140613125
2025-05-02 17:00,8.796248504737015
2025-05-02 18:00,3.949436160012036
2025-05-02 19:00,1.4934245792373642
2025-05-02 20:00,0.5899236576875085
2025-05-02 21:00,0.2420201540747828
2025-05-02 22:00,0.06215971584895083
2025-05-02 23:00,0.4481339655672084
2025-05-03 00:00,0.2956969365633914
2025-05-03 01:00,1.197367163674898
2025-05-03 02:00,2.9452650508875013
2025-05-03 03:00,6.794269296193158
2025-05-03 04:00,6.1879901848109
2025-05-03 05:00,7.766832948077743
2025-05-03 06:00,8.091040513394436
2025-05-03 07:00,14.149791940583931
2025-05-03 08:00,9.99289418739614
2025-05-03 09:00,11.258808845510314
2025-05-03 10:00,14.93341921496303
2025-05-03 11:00,16.332432138795784
2025-05-03 12:00,11.118815539434998
2025-05-03 13:00,16.79173441483022
2025-05-03 14:00,14.093908195678218
2025-05-03 15:00,19.991217496330556
2025-05-03 16:00,30.7401565820549
2025-05-03 17:00,36.99371564263496
2025-05-03 18:00,35.21445404801807
2025-05-03 19:00,30.877182671162362
2025-05-03 20:00,29.4305955467482
2025-05-03 21:00,24.94213857149603
2025-05-03 22:00,22.091507319698046
2025-05-03 23:00,10.190783469723778
2025-05-04 00:00,5.6484253041589625
2025-05-04 01:00,4.149877454647497
2025-05-04 02:00,5.100262299692648
2025-05-04 03:00,3.145824053131442
2025-05-04 04:00,2.97247943192283
2025-05-04 05:00,4.152667240517511
2025-05-04 06:00,2.7134467405338016
2025-05-04 07:00,1.5175646743899756
2025-05-04 08:00,1.0547371706990758
2025-05-04 09:00,1.4812568338525804
2025-05-04 10:00,1.769872976613918
2025-05-04 11:00,3.736740130031825
2025-05-04 12:00,6.061713139914069
2025-05-04 13:00,6.635477004085606
2025-05-04 14:00,7.2961409433566375
2025-05-04 15:00,8.147110336502307
2025-05-04 16:00,8.762122141547755
2025-05-04 17:00,9.172342468613179
2025-05-04 18:00,7.362286210020089
2025-05-04 19:00,3.990034728353976
2025-05-04 20:00,3.4981753022105484
2025-05-04 21:00,1.4792055223047353
2025-05-04 22:00,0.9593007356420046
2025-05-04 23:00,1.1596573990882744
2025-05-05 00:00,0.6117847359292984
2025-05-05 01:00,0.3430730566843522
2025-05-05 02:00,0.5706441143523908
2025-05-05 03:00,0.3676555563069736
2025-05-05 04:00,0.3092797641076196
2025-05-05 05:00,1.3152591325131313
2025-05-05 06:00,1.7157811867094006
2025-05-05 07:00,0.21733784731889472
2025-05-05 08:00,0.42413317767835956
2025-05-05 09:00,0.6762215438417833
2025-05-05 10:00,0.3429990072759157
2025-05-05 11:00,0.3409526567567969
2025-05-05 12:00,1.1603553491229097
2025-05-05 13:00,1.4786182153872272
2025-05-05 14:00,2.265963008551009
2025-05-05 15:00,2.8916886264599677
2025-05-05 16:00,5.350604896580304
2025-05-05 17:00,4.447075978968202
2025-05-05 18:00,7.720660248931191
2025-05-05 19:00,7.2022613354213
2025-05-05 20:00,5.117664187132495
2025-05-05 21:00,3.5527517083747004
2025-05-05 22:00,8.131241454127423
2025-05-05 23:00,8.160233009707692
2025-05-06 00:00,7.867098860696569
2025-05-06 01:00,6.993111626804739
2025-05-06 02:00,5.403366877633357
2025-05-06 03:00,5.7867486863458115
2025-05-06 04:00,6.3958621099244315
2025-05-06 05:00,6.351656811751318
2025-05-06 06:00,5.6865985374875585
2025-05-06 07:00,4.773103095580927
2025-05-06 08:00,7.12740378325342
2025-05-06 09:00,6.026113164549535
2025-05-06 10:00,3.1715103818199486
2025-05-06 11:00,2.1167130849896956
2025-05-06 12:00,3.552615735702861
2025-05-06 13:00,4.80492873091559
2025-05-06 14:00,5.504609837010006
2025-05-06 15:00,6.894170981454865
2025-05-06 16:00,11.448923434941126
2025-05-06 17:00,12.958365469514701
2025-05-06 18:00,8.534756978939924
2025-05-06 19:00,7.230699787351147
2025-05-06 20:00,6.391997671399682
2025-05-06 21:00,4.627726592899844
2025-05-06 22:00,2.752087423520831
2025-05-06 23:00,2.8958818646566136
2025-05-07 00:00,1.3709164132357936
2025-05-07 01:00,0.6215221173346407
2025-05-07 02:00,0.59957124045016
2025-05-07 03:00,0.17509677996911457
2025-05-07 04:00,0.4881849418277112
2025-05-07 05:00,0.6667569098575942
2025-05-07 06:00,0.4561886558847076
2025-05-07 07:00,0.07680702643622654
2025-05-07 08:00,0.0244609402232374
2025-05-07 09:00,0.03391592068497528
2025-05-07 10:00,0.03661234343901281
2025-05-07 11:00,0.2601463056341587
2025-05-07 12:00,0.3628672611178094
2025-05-07 13:00,1.7978800158373933
2025-05-07 14:00,2.9703090902424547
2025-05-07 15:00,3.458993699227996
2025-05-07 16:00,4.061413178078684
2025-05-07 17:00,2.8578396390734087
2025-05-07 18:00,1.8279223863319713
2025-05-07 19:00,1.1356529780857145
2025-05-07 20:00,0.49651537607729934
2025-05-07 21:00,1.5864400234236038
2025-05-07 22:00,1.1184319204385793
2025-05-07 23:00,0.9555900674786948
2025-05-08 00:00,0.2749005164461615
2025-05-08 01:00,0.22559931372037761
2025-05-08 02:00,0.8785888577480725
2025-05-08 03:00,0.6755029883781979
2025-05-08 04:00,1.0179585956015444
2025-05-08 05:00,2.307680112295558
2025-05-08 06:00,1.5659352676882425
2025-05-08 07:00,0.8920085317226492
2025-05-08 08:00,0.9156541791494497
2025-05-08 09:00,0.4577429147549678
2025-05-08 10:00,0.9918104421476486
2025-05-08 11:00,0.730583003426544
2025-05-08 12:00,0.471546576206227
2025-05-08 13:00,2.522286256785348
2025-05-08 14:00,3.1395169842992705
2025-05-08 15:00,5.481483721719089
2025-05-08 16:00,6.690534384531292
2025-05-08 17:00,7.39999863439017
2025-05-08 18:00,7.241175736246909
2025-05-08 19:00,6.971820719319728
2025-05-08 20:00,7.997260291991388
2025-05-08 21:00,8.132155472278166
2025-05-08 22:00,9.17709120952925
2025-05-08 23:00,11.003834811048767
2025-05-09 00:00,10.783318954431353
2025-05-09 01:00,13.416754485747962
2025-05-09 02:00,16.511261562909016
2025-05-09 03:00,17.478903380811932
2025-05-09 04:00,22.128304383440778
2025-05-09 05:00,29.378238054294187
2025-05-09 06:00,31.59865918163304
2025-05-09 07:00,37.5358988204875
2025-05-09 08:00,42.42342363639049
2025-05-09 09:00,43.288916604078594
2025-05-09 10:00,44.54725366805344
2025-05-09 11:00,47.7624954967238
2025-05-09 12:00,47.80088283251732
2025-05-09 13:00,47.85135428597883
2025-05-09 14:00,48.69704857062712
2025-05-09 15:00,52.44033540116929
2025-05-09 16:00,53.161154045720934
2025-05-09 17:00,50.701071315279165
2025-05-09 18:00,52.042378883830736
2025-05-09 19:00,54.38626435757392
2025-05-09 20:00,53.63569910405852
2025-05-09 21:00,54.30247073216022
2025-05-09 22:00,54.3419559127111
2025-05-09 23:00,54.55685539055049
2025-05-10 00:00,55.402616443740705
2025-05-10 01:00,54.43570919139958
2025-05-10 02:00,53.87441453729407
2025-05-10 03:00,54.09423034952366
2025-05-10 04:00,53.29251304776399
2025-05-10 05:00,51.129263778110584
2025-05-10 06:00,50.714333291890064
2025-05-10 07:00,51.06591070895941
2025-05-10 08:00,51.78934911340173
2025-05-10 09:00,52.34541377706584
2025-05-10 10:00,52.02266249991939
2025-05-10 11:00,52.506408876983855
2025-05-10 12:00,53.06304286399454
2025-05-10 13:00,50.04661761718114
2025-05-10 14:00,49.424413542647585
2025-05-10 15:00,47.85252935998513
2025-05-10 16:00,47.43893603218956
2025-05-10 17:00,48.03441450771547
2025-05-10 18:00,46.27192769736255
2025-05-10 19:00,44.25797036962352
2025-05-10 20:00,38.280910385318634
2025-05-10 21:00,32.86819067402834
2025-05-10 22:00,27.53940034207584
2025-05-10 23:00,21.204090967152254
2025-05-11 00:00,15.751438949407799
2025-05-11 01:00,10.672854427401223
2025-05-11 02:00,5.637145542130587
2025-05-11 03:00,5.724117711125952
2025-05-11 04:00,4.398237040292123
2025-05-11 05:00,3.592224343320666
2025-05-11 06:00,2.7370191630356553
2025-05-11 07:00,2.166060217989172
2025-05-11 08:00,0.8751647565639916
2025-05-11 09:00,2.173087650480625
2025-05-11 10:00,3.636329465715484
2025-05-11 11:00,5.341034154139755
2025-05-11 12:00,6.392323888282346
2025-05-11 13:00,5.1117521592484945
2025-05-11 14:00,5.47482446481607
2025-05-11 15:00,5.357622483206502
2025-05-11 16:00,4.780256127887512
2025-05-11 17:00,3.8205836963640207
2025-05-11 18:00,2.342856438882719
2025-05-11 19:00,2.500510957046734
2025-05-11 20:00,2.1847387369710916
2025-05-11 21:00,2.813730919715433
2025-05-11 22:00,3.032501880608044
2025-05-11 23:00,3.090315167361603
2025-05-12 00:00,2.5777353181832448
2025-05-12 01:00,3.3189304345146144
2025-05-12 02:00,5.954612866846657
2025-05-12 03:00,5.46431277294854
2025-05-12 04:00,5.424307618667008
2025-05-12 05:00,6.258216307403353
2025-05-12 06:00,8.94362230058572
2025-05-12 07:00,10.052459201816253
2025-05-12 08:00,8.763953507202983
2025-05-12 09:00,8.549062378741484
2025-05-12 10:00,7.236948191144101
2025-05-12 11:00,10.592814017897943
2025-05-12 12:00,10.305227636658605
2025-05-12 13:00,12.184238100462057
2025-05-12 14:00,14.27514867476415
2025-05-12 15:00,15.314922881896344
2025-05-12 16:00,17.829311066228584
2025-05-12 17:00,22.31247246382268
2025-05-12 18:00,23.436078092798
2025-05-12 19:00,23.92943006470897
2025-05-12 20:00,25.50104005071679
2025-05-12 21:00,27.166311744371146
2025-05-12 22:00,28.027724418913998
2025-05-12 23:00,30.184058758149035
2025-05-13 00:00,27.43795861642941
2025-05-13 01:00,22.329791151272342
2025-05-13 02:00,19.71308965547084
2025-05-13 03:00,27.43496706828916
2025-05-13 04:00,27.20082030368649
2025-05-13 05:00,31.090618201962005
2025-05-13 06:00,28.942042359294362
2025-05-13 07:00,29.66491977278268
2025-05-13 08:00,29.519796535095473
2025-05-13 09:00,29.219216031076613
2025-05-13 10:00,27.570898356371217
2025-05-13 11:00,38.76906676521753
2025-05-13 12:00,34.82136105270965
2025-05-13 13:00,34.612850490237435
2025-05-13 14:00,33.182825176408244
2025-05-13 15:00,28.507149635412524
2025-05-13 16:00,23.49499697921206
2025-05-13 17:00,25.487042690590066
2025-05-13 18:00,24.049699733160857
2025-05-13 19:00,21.192831997357242
2025-05-13 20:00,22.913387899882864
2025-05-13 21:00,17.787149528293682
2025-05-13 22:00,16.14564983435861
2025-05-13 23:00,9.223107426581079
2025-05-14 00:00,12.819470067668956
2025-05-14 01:00,12.352639808139875
2025-05-14 02:00,10.843123486764034
2025-05-14 03:00,9.827729246698004
2025-05-14 04:00,8.703084350944668
2025-05-14 05:00,8.823224146792871
2025-05-14 06:00,8.790254013834666
2025-05-14 07:00,10.081790694024878
2025-05-14 08:00,10.116751416813504
2025-05-14 09:00,10.714867153093671
2025-05-14 10:00,13.727327842329283
2025-05-14 11:00,15.34792925527784
2025-05-14 12:00,24.053209010785636
2025-05-14 13:00,26.953115509690072
2025-05-14 14:00,28.468600554605175
2025-05-14 15:00,31.986855918497966
2025-05-14 16:00,35.91073432435023
2025-05-14 17:00,38.726635516346306
2025-05-14 18:00,38.37962213945055
2025-05-14 19:00,38.522010895966574
2025-05-14 20:00,36.732184841797306
2025-05-14 21:00,36.18497701700129
2025-05-14 22:00,38.54895977675235
2025-05-14 23:00,37.954678765743566
2025-05-15 00:00,37.34848238261003
2025-05-15 01:00,36.36297538676676
2025-05-15 02:00,36.72901588700522
2025-05-15 03:00,35.46689441744671
2025-05-15 04:00,31.439054560092217
2025-05-15 05:00,29.969995763062904
2025-05-15 06:00,33.944173637781276
2025-05-15 07:00,33.848573369913936
2025-05-15 08:00,28.915586690581385
2025-05-15 09:00,29.87738680451341
2025-05-15 10:00,22.902200922571332
2025-05-15 11:00,23.31673163249478
2025-05-15 12:00,20.142430463371905
2025-05-15 13:00,19.103226730569602
2025-05-15 14:00,17.235164674864443
2025-05-15 15:00,18.067167415984223
2025-05-15 16:00,18.2931826616234
2025-05-15 17:00,19.4770467239008
2025-05-15 18:00,18.25001094093892
2025-05-15 19:00,19.18054392623481
2025-05-15 20:00,18.62796236508869
2025-05-15 21:00,19.2212037287756
2025-05-15 22:00,14.468492299968604
2025-05-15 23:00,12.777321941133607
2025-05-16 00:00,10.188571342174091
2025-05-16 01:00,8.60236495545944
2025-05-16 02:00,10.379107517036761
2025-05-16 03:00,12.198240550059758
2025-05-16 04:00,12.92999252428265
2025-05-16 05:00,8.163916905564207
2025-05-16 06:00,8.85121577313188
2025-05-16 07:00,8.919970872177759
2025-05-16 08:00,5.591570973985901
2025-05-16 09:00,14.306447390799768
2025-05-16 10:00,15.1663734889983
2025-05-16 11:00,13.419199349565725
2025-05-16 12:00,18.020688106480847
2025-05-16 13:00,21.707884565117254
2025-05-16 14:00,17.32945714177508
2025-05-16 15:00,23.017795215763005
2025-05-16 16:00,21.92761267169662
2025-05-16 17:00,32.438950388558055
2025-05-16 18:00,28.757549930878167
2025-05-16 19:00,32.02653192037371
2025-05-16 20:00,34.416413466313436
2025-05-16 21:00,34.063006842011724
2025-05-16 22:00,30.218261466610365
2025-05-16 23:00,27.0736468602212
2025-05-17 00:00,22.16440643769574
2025-05-17 01:00,16.445123610827977
2025-05-17 02:00,13.529599357990584
2025-05-17 03:00,6.510335024862918
2025-05-17 04:00,4.337104605731474
2025-05-17 05:00,5.5672687282999735
2025-05-17 06:00,2.773937117182624
2025-05-17 07:00,2.2665636814494885
2025-05-17 08:00,2.784850584007211
2025-05-17 09:00,2.377042274661583
2025-05-17 10:00,2.6141593434455643
2025-05-17 11:00,2.4205053194148354
2025-05-17 12:00,1.9547286663629415
2025-05-17 13:00,4.552701465254893
2025-05-17 14:00,6.464018390793209
2025-05-17 15:00,9.826303599007442
2025-05-17 16:00,11.291106987075604
2025-05-17 17:00,17.23386197301268
2025-05-17 18:00,20.635258986331806
2025-05-17 19:00,18.479568005895423
2025-05-17 20:00,21.579925454518374
2025-05-17 21:00,19.30830993476451
2025-05-17 22:00,21.513234938050935
2025-05-17 23:00,19.699123157195093
2025-05-18 00:00,17.214906252720237
2025-05-18 01:00,15.369529403446085
2025-05-18 02:00,14.583747095256083
2025-05-18 03:00,12.032692543225895
2025-05-18 04:00,8.810280950102399
2025-05-18 05:00,7.811070936405945
2025-05-18 06:00,10.254242471460127
2025-05-18 07:00,11.680278744468627
2025-05-18 08:00,7.659307713946263
2025-05-18 09:00,3.9580525557651747
2025-05-18 10:00,2.7533137760254096
2025-05-18 11:00,2.606019068017547
2025-05-18 12:00,3.826326192287029
2025-05-18 13:00,3.525525459371674
2025-05-18 14:00,4.282659083698744
2025-05-18 15:00,4.499346210154276
2025-05-18 16:00,3.7970755773262823
2025-05-18 17:00,2.6546559976690625
2025-05-18 18:00,1.0542563091227803
2025-05-18 19:00,0.7047552508968544
2025-05-18 20:00,0.13321312335906982
2025-05-18 21:00,0.10205401844231467
2025-05-18 22:00,0.102768937198363
2025-05-18 23:00,0.11653124295485745
2025-05-19 00:00,0.15900904744563474
2025-05-19 01:00,0.43244896650117515
2025-05-19 02:00,1.7116041261993313
2025-05-19 03:00,4.533832139135869
2025-05-19 04:00,10.7055695582966
2025-05-19 05:00,21.9799704375027
2025-05-19 06:00,24.940732413831036
2025-05-19 07:00,33.00165012504332
2025-05-19 08:00,46.007279763225995
2025-05-19 09:00,51.53218020506699
2025-05-19 10:00,50.98421133576413
2025-05-19 11:00,48.665826653043844
2025-05-19 12:00,50.9828830467748
2025-05-19 13:00,51.14646181381134
2025-05-19 14:00,48.553848305542246
2025-05-19 15:00,46.665605955641176
2025-05-19 16:00,46.977744535022126
2025-05-19 17:00,47.23864783498686
2025-05-19 18:00,47.20983389033979
2025-05-19 19:00,47.359733946891076
2025-05-19 20:00,45.67987564614992
2025-05-19 21:00,48.34390585080062
2025-05-19 22:00,48.08843637823965
2025-05-19 23:00,46.18781724669372
2025-05-20 00:00,48.740617233735065
2025-05-20 01:00,49.10268223058322
2025-05-20 02:00,48.05064459099883
2025-05-20 03:00,46.964353379882105
2025-05-20 04:00,46.00137150698687
2025-05-20 05:00,47.87649046485381
2025-05-20 06:00,46.79495229772657
2025-05-20 07:00,48.872397631867244
2025-05-20 08:00,48.258656914851706
2025-05-20 09:00,45.99221095051573
2025-05-20 10:00,41.55792011548381
2025-05-20 11:00,40.924026807140265
2025-05-20 12:00,40.75001342847255
2025-05-20 13:00,37.400555614560986
2025-05-20 14:00,34.2683381723149
2025-05-20 15:00,33.01363339625103
2025-05-20 16:00,33.38279682778894
2025-05-20 17:00,36.76263695833618
2025-05-20 18:00,31.29057920878396
2025-05-20 19:00,30.872386125719927
2025-05-20 20:00,27.044627761908554
2025-05-20 21:00,27.91733549004943
2025-05-20 22:00,26.94799184105861
2025-05-20 23:00,27.556569821448313
2025-05-21 00:00,18.72253621913763
2025-05-21 01:00,10.777859768544683
2025-05-21 02:00,10.46625253384665
2025-05-21 03:00,9.79890396368802
2025-05-21 04:00,8.19232308891384
2025-05-21 05:00,7.207204965628256
2025-05-21 06:00,8.892687912338609
2025-05-21 07:00,8.92247819257992
2025-05-21 08:00,4.770473001455664
2025-05-21 09:00,4.782842216300333
2025-05-21 10:00,2.4779077596576
2025-05-21 11:00,2.794390471797992
2025-05-21 12:00,1.7278660826336987
2025-05-21 13:00,1.7013544636344125
2025-05-21 14:00,0.7633932563520078
2025-05-21 15:00,1.1173125241600936
2025-05-21 16:00,1.2514535727509375
2025-05-21 17:00,1.0903699340462638
2025-05-21 18:00,1.3061099236253213
2025-05-21 19:00,2.2611256207345445
2025-05-21 20:00,2.686529482516509
2025-05-21 21:00,4.615728764615842
2025-05-21 22:00,8.188557629200558
2025-05-21 23:00,10.851418071196663
2025-05-22 00:00,9.972690247028073
2025-05-22 01:00,12.300462031129326
2025-05-22 02:00,15.958628562957081
2025-05-22 03:00,16.063356695659113
2025-05-22 04:00,11.714525977364506
2025-05-22 05:00,10.48110895760325
2025-05-22 06:00,9.103200536663076
2025-05-22 07:00,7.7458361439735235
2025-05-22 08:00,5.095490056772572
2025-05-22 09:00,3.1193152663077965
2025-05-22 10:00,2.309033426326402
2025-05-22 11:00,1.8125913756432877
2025-05-22 12:00,2.4289117727467837
2025-05-22 13:00,3.234979866244893
2025-05-22 14:00,5.271549787402041
2025-05-22 15:00,3.953045882476079
2025-05-22 16:00,3.5746883533498393
2025-05-22 17:00,2.920147471784041
2025-05-22 18:00,2.2900078522961644
2025-05-22 19:00,1.578859844101066
2025-05-22 20:00,1.6301191534289883
2025-05-22 21:00,0.8040512023717737
2025-05-22 22:00,1.1708904930488844
2025-05-22 23:00,1.606748687694067
2025-05-23 00:00,2.17311725246665
2025-05-23 01:00,2.2217048237002626
2025-05-23 02:00,2.566792676150243
2025-05-23 03:00,2.8054315900032467
2025-05-23 04:00,2.2075907783826825
2025-05-23 05:00,2.02745470754159
2025-05-23 06:00,2.067179853173866
2025-05-23 07:00,2.1553497275136393
2025-05-23 08:00,3.4758892189875734
2025-05-23 09:00,2.6603805181434286
2025-05-23 10:00,2.465923298722637
2025-05-23 11:00,1.48568642609633
2025-05-23 12:00,0.9237535180044701
2025-05-23 13:00,1.942289332590041
2025-05-23 14:00,1.9114238148619007
2025-05-23 15:00,2.1461050547216374
2025-05-23 16:00,1.78940113468595
2025-05-23 17:00,2.16783831032737
2025-05-23 18:00,2.5337108734607376
2025-05-23 19:00,2.1098128860275884
2025-05-23 20:00,2.673556776721896
2025-05-23 21:00,1.6932941493681384
2025-05-23 22:00,1.5226824990810437
2025-05-23 23:00,0.9588797742325602
2025-05-24 00:00,2.5716763350580187
2025-05-24 01:00,5.198196765741226
2025-05-24 02:00,4.3858734503064785
2025-05-24 03:00,8.281721452071345
2025-05-24 04:00,9.529195266985283
2025-05-24 05:00,8.791974701925865
2025-05-24 06:00,7.885655381939584
2025-05-24 07:00,8.889812031503876
2025-05-24 08:00,7.35754954270231
2025-05-24 09:00,6.731043075738452
2025-05-24 10:00,5.188273675036352
2025-05-24 11:00,3.7136978479835543
2025-05-24 12:00,3.7778091609788156
2025-05-24 13:00,4.755048253074998
2025-05-24 14:00,8.110063942788637
2025-05-24 15:00,8.883510669758632
2025-05-24 16:00,14.787544632237747
2025-05-24 17:00,23.668702548770312
2025-05-24 18:00,24.892391521310415
2025-05-24 19:00,22.650583466478345
2025-05-24 20:00,18.765544897451832
2025-05-24 21:00,19.633256617413224
2025-05-24 22:00,18.429383395339368
2025-05-24 23:00,17.201313804941332
2025-05-25 00:00,20.90809272214904
2025-05-25 01:00,17.53851676027701
2025-05-25 02:00,15.843865240177447
2025-05-25 03:00,14.020453323286603
2025-05-25 04:00,12.13595821485695
2025-05-25 05:00,12.262801296074683
2025-05-25 06:00,11.064024810343504
2025-05-25 07:00,8.822336829422866
2025-05-25 08:00,5.621206356181782
2025-05-25 09:00,3.186371773909977
2025-05-25 10:00,1.5199623726748928
2025-05-25 11:00,1.9136264238551504
2025-05-25 12:00,2.281442276233211
2025-05-25 13:00,3.075702827819914
2025-05-25 14:00,3.255204349004223
2025-05-25 15:00,4.21234094822517
2025-05-25 16:00,3.3200282434017208
2025-05-25 17:00,1.8073519870397552
2025-05-25 18:00,1.0529947970560178
2025-05-25 19:00,0.21221724988886143
2025-05-25 20:00,0.07133081113698793
2025-05-25 21:00,0.029572072567989466
2025-05-25 22:00,0.2304943880592516
2025-05-25 23:00,0.427746057145709
2025-05-26 00:00,0.11272201258127429
2025-05-26 01:00,0.7171890202455175
2025-05-26 02:00,0.5362176500023484
2025-05-26 03:00,0.7050991929702203
2025-05-26 04:00,0.8069563666630938
2025-05-26 05:00,1.665564798447547
2025-05-26 06:00,2.72961538282897
2025-05-26 07:00,1.9702879520032965
2025-05-26 08:00,2.6307105155311863
2025-05-26 09:00,6.93098609518027
2025-05-26 10:00,5.889098709690405
2025-05-26 11:00,7.491997695283063
2025-05-26 12:00,8.430137997357985
2025-05-26 13:00,10.186468869681772
2025-05-26 14:00,11.577336769201239
2025-05-26 15:00,11.618114064373941
2025-05-26 16:00,11.666018866890546
2025-05-26 17:00,12.91055810698153
2025-05-26 18:00,11.820514139446693
2025-05-26 19:00,9.300314905242152
2025-05-26 20:00,4.870172799217489
2025-05-26 21:00,5.207641951427243
2025-05-26 22:00,4.577710725119822
2025-05-26 23:00,3.8293137022347277
2025-05-27 00:00,1.9492609924137392
2025-05-27 01:00,1.4881714544816043
2025-05-27 02:00,1.3319871307746813
2025-05-27 03:00,1.185848302768541
2025-05-27 04:00,0.8437597245738586
2025-05-27 05:00,0.5755618164722154
2025-05-27 06:00,0.9145926807119469
2025-05-27 07:00,0.9865088041215858
2025-05-27 08:00,1.0208673326673443
2025-05-27 09:00,0.7652452457011986
2025-05-27 10:00,0.3193438990447569
2025-05-27 11:00,1.282464253421895
2025-05-27 12:00,2.905180019501388
2025-05-27 13:00,3.090775089800889
2025-05-27 14:00,2.918484938966645
2025-05-27 15:00,3.4961536797725827
2025-05-27 16:00,2.5799373384909376
2025-05-27 17:00,2.526555296405617
2025-05-27 18:00,1.3056315402191248
2025-05-27 19:00,0.5118215634470632
2025-05-27 20:00,0.13831156540756542
2025-05-27 21:00,0.08287154158283369
2025-05-27 22:00,0.10429767847883845
2025-05-27 23:00,0.336674777736393
2025-05-28 00:00,0.08858397870146811
2025-05-28 01:00,0.0394615791954412
2025-05-28 02:00,0.03964530058410218
2025-05-28 03:00,0.01464005419133734
2025-05-28 04:00,0.0632150293130241
2025-05-28 05:00,0.12618758195732738
2025-05-28 06:00,0.03758348088079605
2025-05-28 07:00,0.00274575692594855
2025-05-28 08:00,0.0494908219501735
2025-05-28 09:00,0.08411379549570351
2025-05-28 10:00,0.018115742265946318
2025-05-28 11:00,0.2512269391695253
2025-05-28 12:00,0.8196564395941796
2025-05-28 13:00,2.643517405210435
2025-05-28 14:00,3.0325212190642876
2025-05-28 15:00,5.16065309607886
2025-05-28 16:00,5.75900693183039
2025-05-28 17:00,7.4578880603310544
2025-05-28 18:00,4.867678425708595
2025-05-28 19:00,5.598869373883661
2025-05-28 20:00,4.372931032289387
2025-05-28 21:00,2.7186120948326007
2025-05-28 22:00,2.707566680635898
2025-05-28 23:00,2.3999846400352096
2025-05-29 00:00,1.0829398897493674
2025-05-29 01:00,1.5602817385435026
2025-05-29 02:00,0.7272246787422056
2025-05-29 03:00,0.8464499285101212
2025-05-29 04:00,1.057897140718722
2025-05-29 05:00,0.6123649107600585
2025-05-29 06:00,0.22201490449637867
2025-05-29 07:00,0.09686416445914656
2025-05-29 08:00,0.1841056064346888
2025-05-29 09:00,0.6365293900539503
2025-05-29 10:00,0.5279215489975728
2025-05-29 11:00,1.3728788318223755
2025-05-29 12:00,5.0311467861036165
2025-05-29 13:00,8.63234123239921
2025-05-29 14:00,9.009793618509683
2025-05-29 15:00,10.432202271093491
2025-05-29 16:00,11.165357624744008
2025-05-29 17:00,14.397506742183117
2025-05-29 18:00,10.16013384903311
2025-05-29 19:00,5.732623644558617
2025-05-29 20:00,4.6321273984393425
2025-05-29 21:00,0.5080029515687804
2025-05-29 22:00,0.808722433819528
2025-05-29 23:00,0.19483489184837177
2025-05-30 00:00,1.1795091903006525
2025-05-30 01:00,0.8980689786368732
2025-05-30 02:00,0.45549885642982296
2025-05-30 03:00,0.15159846864954007
2025-05-30 04:00,0.15594143462535928
2025-05-30 05:00,0.1448244390134821
2025-05-30 06:00,0.27931947349235997
2025-05-30 07:00,0.1321113373688546
2025-05-30 08:00,0.26256099670593647
2025-05-30 09:00,0.5581414141263404
2025-05-30 10:00,0.5267722925078407
2025-05-30 11:00,2.139699339556963
2025-05-30 12:00,5.118306863688003
2025-05-30 13:00,7.743567942923679
2025-05-30 14:00,7.835326112738587
2025-05-30 15:00,7.026977642352783
2025-05-30 16:00,6.96180768801813
2025-05-30 17:00,9.84993641594535
2025-05-30 18:00,6.778469787176495
2025-05-30 19:00,5.001022509907863
2025-05-30 20:00,4.861476396221357
2025-05-30 21:00,2.955963691462269
2025-05-30 22:00,0.8276870433562471
2025-05-30 23:00,0.12711801503322662
2025-05-31 00:00,0.22619011655151283
2025-05-31 01:00,0.10363328253401716
2025-05-31 02:00,0.524640190735059
2025-05-31 03:00,0.3365608456051808
2025-05-31 04:00,0.16639439642425866
2025-05-31 05:00,0.030252082774040918
2025-05-31 06:00,0.06623557675647339
2025-05-31 07:00,0.12739041641134616
2025-05-31 08:00,0.0137086525293718
2025-05-31 09:00,0.012547918534588006
2025-05-31 10:00,0.10414190273331694
2025-05-31 11:00,0.17473603680946792
2025-05-31 12:00,0.44768225842781983
2025-05-31 13:00,1.791150992777902
2025-05-31 14:00,2.60447697485117
2025-05-31 15:00,3.5490170869275235
2025-05-31 16:00,3.3451467759347526
2025-05-31 17:00,2.212473119603229
2025-05-31 18:00,1.9785279830900462
2025-05-31 19:00,0.9048139639837114
2025-05-31 20:00,0.27157902721619626
2025-05-31 21:00,0.0112696275374305
2025-05-31 22:00,0.02836099617720018
2025-05-31 23:00,0.134361360758722
2025-06-01 00:00,0.0923723839960953
2025-06-01 01:00,0.052255936491915456
2025-06-01 02:00,0.09271133025023132
2025-06-01 03:00,0.05506523450304778
2025-06-01 04:00,0.10061842218750343
2025-06-01 05:00,0.29894973618211873
2025-06-01 06:00,0.30404965439223025
2025-06-01 07:00,0.03174264074230145
2025-06-01 08:00,0.10995148196335446
2025-06-01 09:00,0.05014985921318104
2025-06-01 10:00,0.09584666538811965
2025-06-01 11:00,0.043723248472573945
2025-06-01 12:00,0.17327885056976014
2025-06-01 13:00,0.638223291231991
2025-06-01 14:00,1.678483482584737
2025-06-01 15:00,2.1094367933322173
2025-06-01 16:00,1.4467212088450052
2025-06-01 17:00,0.4803080199827874
2025-06-01 18:00,0.4935171083421705
2025-06-01 19:00,0.31717428300341355
2025-06-01 20:00,0.0024142737417392787
2025-06-01 21:00,0.1338897171779422
2025-06-01 22:00,0.07297203762465815
2025-06-01 23:00,0.14170230517129306
2025-06-02 00:00,0.06272424705998664
2025-06-02 01:00,0.11549101588823468
2025-06-02 02:00,0.07756890565937216
2025-06-02 03:00,0.06495594328889084
2025-06-02 04:00,0.024425171492487453
2025-06-02 05:00,0.03153156021320193
2025-06-02 06:00,0.08227973288107582
2025-06-02 07:00,0.032819903964436146
2025-06-02 08:00,0.1299774492505389
2025-06-02 09:00,0.18798937731935628
2025-06-02 10:00,0.7285797850695838
2025-06-02 11:00,1.830365725181287
2025-06-02 12:00,2.558714247942409
2025-06-02 13:00,1.9340554172494282
2025-06-02 14:00,4.286542982345157
2025-06-02 15:00,4.032256499884205
2025-06-02 16:00,4.580385315067297
2025-06-02 17:00,9.491378014852728
2025-06-02 18:00,9.58092903850997
2025-06-02 19:00,8.167059137373357
2025-06-02 20:00,8.139727857478347
2025-06-02 21:00,8.05807817309838
2025-06-02 22:00,5.4160324625774265
2025-06-02 23:00,5.3333839799184695
2025-06-03 00:00,4.812919360810653
2025-06-03 01:00,5.427076279953358
2025-06-03 02:00,4.345054170345469
2025-06-03 03:00,8.17365288594426
2025-06-03 04:00,6.896446648943625
2025-06-03 05:00,5.724332201497749
2025-06-03 06:00,6.834633705418505
2025-06-03 07:00,7.815926960611498
2025-06-03 08:00,4.562558003286297
2025-06-03 09:00,4.27837888493328
2025-06-03 10:00,4.029894178928991
2025-06-03 11:00,3.706656395487916
2025-06-03 12:00,11.305339675718642
2025-06-03 13:00,13.043637119671262
2025-06-03 14:00,14.767413557003522
2025-06-03 15:00,14.963819865612365
2025-06-03 16:00,14.798427592043378
2025-06-03 17:00,14.617913488738417
2025-06-03 18:00,10.474921979836353
2025-06-03 19:00,8.32388802056218
2025-06-03 20:00,9.06544007984916
2025-06-03 21:00,7.985987296847882
2025-06-03 22:00,8.23488482523064
2025-06-03 23:00,8.478555118638482
2025-06-04 00:00,9.537383566293865
2025-06-04 01:00,12.09325166422504
2025-06-04 02:00,12.474607321751002
2025-06-04 03:00,16.765099203987475
2025-06-04 04:00,15.957313806958307
2025-06-04 05:00,13.692793194794987
2025-06-04 06:00,9.544961097438673
2025-06-04 07:00,9.575285876434997
2025-06-04 08:00,12.780033112801759
2025-06-04 09:00,10.364636308312623
2025-06-04 10:00,7.459855328653992
2025-06-04 11:00,12.453732102554156
2025-06-04 12:00,12.834019167187382
2025-06-04 13:00,12.94821069252865
2025-06-04 14:00,13.6785595896134
2025-06-04 15:00,14.18706382505521
2025-06-04 16:00,15.922092780274578
2025-06-04 17:00,15.913660575274875
2025-06-04 18:00,11.609594281642467
2025-06-04 19:00,12.924097866371895
2025-06-04 20:00,16.206564417720067
2025-06-04 21:00,12.26205636302209
2025-06-04 22:00,9.175421086592902
2025-06-04 23:00,6.378947443111759
2025-06-05 00:00,4.759168293312009
2025-06-05 01:00,2.130665786278683
2025-06-05 02:00,1.4968163730437702
2025-06-05 03:00,1.2721847572686797
2025-06-05 04:00,1.4113054325193792
2025-06-05 05:00,1.787958278788756
2025-06-05 06:00,1.3912160847807926
2025-06-05 07:00,0.8220253696526314
2025-06-05 08:00,0.2933020078909094
2025-06-05 09:00,0.26104963747591037
2025-06-05 10:00,1.2273108050138066
2025-06-05 11:00,1.534080852299578
2025-06-05 12:00,2.604686038524561
2025-06-05 13:00,3.8242760087081473
2025-06-05 14:00,5.539585472669659
2025-06-05 15:00,8.443338700155287
2025-06-05 16:00,9.560617447794945
2025-06-05 17:00,12.965554061809428
2025-06-05 18:00,13.600804768105565
2025-06-05 19:00,16.16586552223736
2025-06-05 20:00,21.502660282082115
2025-06-05 21:00,22.82315937485082
2025-06-05 22:00,23.521399492222724
2025-06-05 23:00,22.43693183501997
2025-06-06 00:00,19.111948111454133
2025-06-06 01:00,19.752352183212395
2025-06-06 02:00,22.223920290448344
2025-06-06 03:00,25.582622682535877
2025-06-06 04:00,24.22746549574896
2025-06-06 05:00,24.285117321700245
2025-06-06 06:00,22.459071671782247
2025-06-06 07:00,20.48762399888608
2025-06-06 08:00,20.271205806559863
2025-06-06 09:00,17.84759201731683
2025-06-06 10:00,14.18768816687255
2025-06-06 11:00,15.271123022893304
2025-06-06 12:00,12.447652590712446
2025-06-06 13:00,10.72464142265628
2025-06-06 14:00,11.95631515129374
2025-06-06 15:00,15.338193889991864
2025-06-06 16:00,13.397620187118935
2025-06-06 17:00,13.99949809819297
2025-06-06 18:00,13.746512529464049
2025-06-06 19:00,11.172510023272975
2025-06-06 20:00,11.54727392803074
2025-06-06 21:00,10.66867798009501
2025-06-06 22:00,9.543087450586796
2025-06-06 23:00,10.771720102046793
2025-06-07 00:00,12.16467539615951
2025-06-07 01:00,10.803303078602532
2025-06-07 02:00,10.080359869560183
2025-06-07 03:00,12.552117961550419
2025-06-07 04:00,10.665192423667015
2025-06-07 05:00,10.535439133798727
2025-06-07 06:00,9.923802467238684
2025-06-07 07:00,8.974946973079117
2025-06-07 08:00,9.560466901971644
2025-06-07 09:00,10.168761046077805
2025-06-07 10:00,10.742238192356778
2025-06-07 11:00,12.150256026579985
2025-06-07 12:00,11.447329519332795
2025-06-07 13:00,10.315255040236215
2025-06-07 14:00,8.993533999671673
2025-06-07 15:00,8.852614409706183
2025-06-07 16:00,9.905198540540841
2025-06-07 17:00,10.976270629571859
2025-06-07 18:00,7.52076089634975
2025-06-07 19:00,3.692857779856955
2025-06-07 20:00,1.8176998244343359
2025-06-07 21:00,1.037346744990316
2025-06-07 22:00,0.5258114138604932
2025-06-07 23:00,0.40080645730440506
2025-06-08 00:00,0.1636468459216407
2025-06-08 01:00,0.09304074193392549
2025-06-08 02:00,0.21724724406140533
2025-06-08 03:00,0.18164687428042298
2025-06-08 04:00,0.26275227665435974
2025-06-08 05:00,0.6513810670998237
2025-06-08 06:00,0.5451653503900763
2025-06-08 07:00,0.05356641786854359
2025-06-08 08:00,0.028808322739871075
2025-06-08 09:00,0.07298834610404034
2025-06-08 10:00,0.12348467800944427
2025-06-08 11:00,0.10285129994354576
2025-06-08 12:00,0.20315938060134087
2025-06-08 13:00,1.0999135621245848
2025-06-08 14:00,2.1691326655206393
2025-06-08 15:00,3.863755226068161
2025-06-08 16:00,4.0545778245147535
2025-06-08 17:00,3.21085502933623
2025-06-08 18:00,2.9842095549049215
2025-06-08 19:00,1.829944998745209
2025-06-08 20:00,0.5539640240334609
2025-06-08 21:00,0.22377698394717932
2025-06-08 22:00,0.07351198584113106
2025-06-08 23:00,0.15940230178915032
2025-06-09 00:00,0.0985430517781494
2025-06-09 01:00,0.14818241238085667
2025-06-09 02:00,0.041996550151608664
2025-06-09 03:00,0.19546266705954554
2025-06-09 04:00,0.7103604493617308
2025-06-09 05:00,1.28719235119529
2025-06-09 06:00,1.6437350157684159
2025-06-09 07:00,1.8481682831157986
2025-06-09 08:00,2.0655188858705595
2025-06-09 09:00,1.1589353081190334
2025-06-09 10:00,0.4396592601049879
2025-06-09 11:00,0.4242814503449368
2025-06-09 12:00,0.37004528648395163
2025-06-09 13:00,0.770730601661139
2025-06-09 14:00,2.0099270457308105
2025-06-09 15:00,2.151965360071742
2025-06-09 16:00,2.5052432262143474
2025-06-09 17:00,2.3857018433406534
2025-06-09 18:00,1.670443684167529
2025-06-09 19:00,0.4014892573898366
2025-06-09 20:00,0.14607007390748708
2025-06-09 21:00,0.24213409448587409
2025-06-09 22:00,0.5665395980579646
2025-06-09 23:00,1.0522616240460176
2025-06-10 00:00,0.8899166071045173
2025-06-10 01:00,1.669721483014446
2025-06-10 02:00,1.815389066429379
2025-06-10 03:00,3.925636792309887
2025-06-10 04:00,6.147855196374107
2025-06-10 05:00,5.720495623260632
2025-06-10 06:00,3.012555939648972
2025-06-10 07:00,4.850805188237916
2025-06-10 08:00,3.112357134995489
2025-06-10 09:00,1.1877349410942193
2025-06-10 10:00,0.3696059882829609
2025-06-10 11:00,0.925948744708226
2025-06-10 12:00,2.0825708198997583
2025-06-10 13:00,2.482472543002271
2025-06-10 14:00,3.672959360448386
2025-06-10 15:00,5.966651244469937
2025-06-10 16:00,3.6567104246148796
2025-06-10 17:00,2.7773700047737435
2025-06-10 18:00,2.106506964158678
2025-06-10 19:00,1.6757624392690875
2025-06-10 20:00,2.221726372716365
2025-06-10 21:00,3.0535183690182146
2025-06-10 22:00,3.7154921925157973
2025-06-10 23:00,4.902668645866219
2025-06-11 00:00,3.721096850328907
2025-06-11 01:00,4.609941177705816
2025-06-11 02:00,5.588721289114616
2025-06-11 03:00,6.607418711114564
2025-06-11 04:00,5.968030223334116
2025-06-11 05:00,5.467882750057925
2025-06-11 06:00,4.248819160777698
2025-06-11 07:00,3.6598655464023526
2025-06-11 08:00,2.609013800177066
2025-06-11 09:00,2.167590270562031
2025-06-11 10:00,3.38703532170173
2025-06-11 11:00,7.015504296927373
2025-06-11 12:00,6.748687699312559
2025-06-11 13:00,6.881084542858038
2025-06-11 14:00,8.883406604666154
2025-06-11 15:00,9.351846696577404
2025-06-11 16:00,11.562548963680994
2025-06-11 17:00,10.441500726822529
2025-06-11 18:00,7.177644326307167
2025-06-11 19:00,5.51713983213318
2025-06-11 20:00,5.488881329738655
2025-06-11 21:00,2.3206811857237195
2025-06-11 22:00,1.9705499965046354
2025-06-11 23:00,1.0718794747246834
2025-06-12 00:00,0.9865004508228177
2025-06-12 01:00,1.0037368413936985
2025-06-12 02:00,0.291849238053518
2025-06-12 03:00,0.5004638895738301
2025-06-12 04:00,0.5507280190637209
2025-06-12 05:00,0.18400978480950528
2025-06-12 06:00,0.057715396715203024
2025-06-12 07:00,0.08072136257275911
2025-06-12 08:00,0.1029466087553741
2025-06-12 09:00,0.16070928237343404
2025-06-12 10:00,0.08722944015639054
2025-06-12 11:00,0.09089065622497987
2025-06-12 12:00,0.2832647947499024
2025-06-12 13:00,0.17995555206414443
2025-06-12 14:00,0.3156764469761865
2025-06-12 15:00,0.8512015610453544
2025-06-12 16:00,1.7751123005263523
2025-06-12 17:00,2.0958012064299063
2025-06-12 18:00,2.2637202807008743
2025-06-12 19:00,1.9836326662223378
2025-06-12 20:00,1.198412549743162
2025-06-12 21:00,0.45261386518145363
2025-06-12 22:00,0.10401771432028441
2025-06-12 23:00,0.03271953317943402
2025-06-13 00:00,0.04426411784660116
2025-06-13 01:00,0.12203911711280638
2025-06-13 02:00,0.18610149825774955
2025-06-13 03:00,0.10404783448550647
2025-06-13 04:00,0.21202815985702378
2025-06-13 05:00,0.36107428738499314
2025-06-13 06:00,0.5665682266662577
2025-06-13 07:00,0.7181683951683758
2025-06-13 08:00,0.31774193542959106
2025-06-13 09:00,0.48416182913739714
2025-06-13 10:00,0.35589233705588236
2025-06-13 11:00,0.6122370031032833
2025-06-13 12:00,0.7873162716171497
2025-06-13 13:00,1.2922134170828636
2025-06-13 14:00,2.1037599058611285
2025-06-13 15:00,2.814266873042685
2025-06-13 16:00,3.770095114971392
2025-06-13 17:00,2.684896388722822
2025-06-13 18:00,3.974938267075199
2025-06-13 19:00,6.975912109801014
2025-06-13 20:00,10.55985617888799
2025-06-13 21:00,16.02423739202699
2025-06-13 22:00,22.726860329274096
2025-06-13 23:00,23.405457470995117
2025-06-14 00:00,19.407418290473455
2025-06-14 01:00,22.291390609537046
2025-06-14 02:00,20.97875040330619
2025-06-14 03:00,29.95103006745873
2025-06-14 04:00,30.00673294036369
2025-06-14 05:00,32.62365482350647
2025-06-14 06:00,29.380387771300853
2025-06-14 07:00,29.65201400629158
2025-06-14 08:00,26.86611543999324
2025-06-14 09:00,20.226018287394652
2025-06-14 10:00,21.184421703444954
2025-06-14 11:00,20.648980692363303
2025-06-14 12:00,11.108799056484319
2025-06-14 13:00,13.708127998633621
2025-06-14 14:00,9.941137863764922
2025-06-14 15:00,11.361922070178128
2025-06-14 16:00,11.562863892462982
2025-06-14 17:00,13.8212764691906
2025-06-14 18:00,11.632656174881141
2025-06-14 19:00,8.037799445159695
2025-06-14 20:00,6.361926301658782
2025-06-14 21:00,5.2828172599995975
2025-06-14 22:00,2.0949803923922037
2025-06-14 23:00,1.20848538112595
2025-06-15 00:00,0.8146144395187613
2025-06-15 01:00,0.504770021711407
2025-06-15 02:00,0.8403149954007879
2025-06-15 03:00,0.7978192866337211
2025-06-15 04:00,1.5118526963184749
2025-06-15 05:00,2.731890465476739
2025-06-15 06:00,6.663803162669679
2025-06-15 07:00,5.840101977903441
2025-06-15 08:00,7.3463608092344215
2025-06-15 09:00,7.24898512039783
2025-06-15 10:00,6.919657570130607
2025-06-15 11:00,8.88559382424625
2025-06-15 12:00,14.199316935984843
2025-06-15 13:00,16.141322248313898
2025-06-15 14:00,18.09070103168859
2025-06-15 15:00,20.024043882591332
2025-06-15 16:00,30.87451087353443
2025-06-15 17:00,35.614411767777774
2025-06-15 18:00,37.37580641041815
2025-06-15 19:00,35.26839681013464
2025-06-15 20:00,39.30800721217436
2025-06-15 21:00,38.79998430659551
2025-06-15 22:00,40.352419350209196
2025-06-15 23:00,37.205401250027805
2025-06-16 00:00,37.23622155096354
2025-06-16 01:00,37.9594840413392
2025-06-16 02:00,41.85814730955696
2025-06-16 03:00,41.90232163277011
2025-06-16 04:00,35.46392163918852
2025-06-16 05:00,32.786503706825116
2025-06-16 06:00,31.715257760951786
2025-06-16 07:00,33.64549613018799
2025-06-16 08:00,35.15536283064956
2025-06-16 09:00,36.96453358215744
2025-06-16 10:00,34.41778742670947
2025-06-16 11:00,39.82077857208762
2025-06-16 12:00,43.225966229556406
2025-06-16 13:00,41.08783367191092
2025-06-16 14:00,40.938058006852856
2025-06-16 15:00,42.48910180930213
2025-06-16 16:00,43.94628201694738
2025-06-16 17:00,43.09809268421894
2025-06-16 18:00,43.871757840291025
2025-06-16 19:00,42.446210598928516
2025-06-16 20:00,40.48524100325446
2025-06-16 21:00,41.19839308036606
2025-06-16 22:00,41.98106118151712
2025-06-16 23:00,40.81534301563866
2025-06-17 00:00,39.61969658441729
2025-06-17 01:00,38.413431965420884
2025-06-17 02:00,38.909960908758414
2025-06-17 03:00,39.211843435619905
2025-06-17 04:00,41.41077555675841
2025-06-17 05:00,41.95165099052211
2025-06-17 06:00,41.735552447806775
2025-06-17 07:00,43.19395188517975
2025-06-17 08:00,43.26599182230079
2025-06-17 09:00,39.984994738641575
2025-06-17 10:00,42.48513701973789
2025-06-17 11:00,43.486522300777494
2025-06-17 12:00,40.67284562257157
2025-06-17 13:00,39.64433692539977
2025-06-17 14:00,37.07885490390513
2025-06-17 15:00,34.74091914928254
2025-06-17 16:00,37.55003486563199
2025-06-17 17:00,33.37433187896937
2025-06-17 18:00,32.13263315831503
2025-06-17 19:00,32.47705971219357
2025-06-17 20:00,29.782097684961865
2025-06-17 21:00,26.428922688807344
2025-06-17 22:00,22.895172122212948
2025-06-17 23:00,19.651957371341958
2025-06-18 00:00,20.171436944868173
2025-06-18 01:00,17.9192485707576
2025-06-18 02:00,16.5795362585568
2025-06-18 03:00,13.91342917778242
2025-06-18 04:00,5.403343637219387
2025-06-18 05:00,4.356271881327103
2025-06-18 06:00,3.6412732224079383
2025-06-18 07:00,3.1741215197100994
2025-06-18 08:00,1.9600738007018337
2025-06-18 09:00,1.3217769452688244
2025-06-18 10:00,1.2747397037011141
2025-06-18 11:00,1.2791555550134037
2025-06-18 12:00,1.1746538914417375
2025-06-18 13:00,1.7499819152946885
2025-06-18 14:00,1.8814658185050233
2025-06-18 15:00,2.987070296208261
2025-06-18 16:00,2.9546016448739665
2025-06-18 17:00,2.1406150573248617
2025-06-18 18:00,1.7922418499309596
2025-06-18 19:00,4.158081877268905
2025-06-18 20:00,6.552514462903342
2025-06-18 21:00,3.643994781719485
2025-06-18 22:00,4.721702393402589
2025-06-18 23:00,5.040022182201066
2025-06-19 00:00,4.649111610558433
2025-06-19 01:00,5.45653161365743
2025-06-19 02:00,5.633798467253595
2025-06-19 03:00,4.636914483400058
2025-06-19 04:00,3.808898509772804
2025-06-19 05:00,4.006698083146023
2025-06-19 06:00,3.7502180081700343
2025-06-19 07:00,3.4998862495638514
2025-06-19 08:00,2.7780000335602137
2025-06-19 09:00,2.7233261277893206
2025-06-19 10:00,1.8166198903462756
2025-06-19 11:00,2.987194814888829
2025-06-19 12:00,2.5223190183141275
2025-06-19 13:00,4.640330102692775
2025-06-19 14:00,5.239470482377666
2025-06-19 15:00,7.107593852799539
2025-06-19 16:00,9.998277831276898
2025-06-19 17:00,15.985334221385745
2025-06-19 18:00,24.162359162795042
2025-06-19 19:00,27.686125362415332
2025-06-19 20:00,29.63163450592483
2025-06-19 21:00,31.070656277492596
2025-06-19 22:00,32.801083098260165
2025-06-19 23:00,34.227556880152406
2025-06-20 00:00,39.78679134813634
2025-06-20 01:00,38.94816302057227
2025-06-20 02:00,41.525084220201975
2025-06-20 03:00,41.84602581934253
2025-06-20 04:00,41.581193384312556
2025-06-20 05:00,41.719470230480034
2025-06-20 06:00,46.644715881378936
2025-06-20 07:00,50.94892855288768
2025-06-20 08:00,51.38178151191043
2025-06-20 09:00,50.27820710768097
2025-06-20 10:00,49.6257779382707
2025-06-20 11:00,52.659850691730504
2025-06-20 12:00,51.94539042852264
2025-06-20 13:00,52.35294722134094
2025-06-20 14:00,51.992960229060145
2025-06-20 15:00,52.94426682264001
2025-06-20 16:00,52.92547075316975
2025-06-20 17:00,52.98589365335315
2025-06-20 18:00,52.5261810955866
2025-06-20 19:00,52.47315921261565
2025-06-20 20:00,53.35564097412576
2025-06-20 21:00,49.64434190039926
2025-06-20 22:00,50.08625046559257
2025-06-20 23:00,50.32143761459977
2025-06-21 00:00,48.3523069996651
2025-06-21 01:00,49.39522836132757
2025-06-21 02:00,48.1678284833431
2025-06-21 03:00,46.17787243899541
2025-06-21 04:00,43.047242576185624
2025-06-21 05:00,40.75924861933498
2025-06-21 06:00,40.39248769966092
2025-06-21 07:00,38.174551257449814
2025-06-21 08:00,37.870392945059365
2025-06-21 09:00,39.86974189311674
2025-06-21 10:00,39.125584051400324
2025-06-21 11:00,36.473062802456695
2025-06-21 12:00,32.193696755554974
2025-06-21 13:00,31.63722581696708
2025-06-21 14:00,33.65676537012148
2025-06-21 15:00,38.00298470460629
2025-06-21 16:00,35.126228400086845
2025-06-21 17:00,26.05541633528093
2025-06-21 18:00,16.595213855917482
2025-06-21 19:00,10.132056100334356
2025-06-21 20:00,7.764981729944844
2025-06-21 21:00,6.225914166920155
2025-06-21 22:00,1.3894083266238053
2025-06-21 23:00,1.477309426454126
2025-06-22 00:00,0.8371462833807353
2025-06-22 01:00,0.3015043381315881
2025-06-22 02:00,0.3421688478393999
2025-06-22 03:00,0.09829258096276162
2025-06-22 04:00,0.07832885026896946
2025-06-22 05:00,0.2724129557308519
2025-06-22 06:00,0.3433261837280006
2025-06-22 07:00,0.23454036677570728
2025-06-22 08:00,0.10288605248222751
2025-06-22 09:00,0.20729613788677648
2025-06-22 10:00,0.033691287641628674
2025-06-22 11:00,0.1055405306668755
2025-06-22 12:00,1.0378066767738972
2025-06-22 13:00,1.7719003036001526
2025-06-22 14:00,2.155074045837414
2025-06-22 15:00,2.7973712791047767
2025-06-22 16:00,2.679978894589101
2025-06-22 17:00,2.4099199514352736
2025-06-22 18:00,1.4827497038719606
2025-06-22 19:00,0.3876621294028394
2025-06-22 20:00,0.28354279565888024
2025-06-22 21:00,0.10875356193127847
2025-06-22 22:00,0.030769230389323596
2025-06-22 23:00,0.29927727394476333
2025-06-23 00:00,0.0660896879823939
2025-06-23 01:00,0.05245115855206879
2025-06-23 02:00,0.10137347702193514
2025-06-23 03:00,0.3099618819192778
2025-06-23 04:00,0.8975503304750021
2025-06-23 05:00,1.620508729592141
2025-06-23 06:00,1.6575977655498368
2025-06-23 07:00,0.719143931996143
2025-06-23 08:00,0.44568322347286105
2025-06-23 09:00,0.20572406459019082
2025-06-23 10:00,1.0367345432100892
2025-06-23 11:00,1.3604208782242624
2025-06-23 12:00,1.7012433610814048
2025-06-23 13:00,1.7775700367703169
2025-06-23 14:00,2.434445175601669
2025-06-23 15:00,2.2150822418777243
2025-06-23 16:00,4.358588691441285
2025-06-23 17:00,5.951293556750869
2025-06-23 18:00,4.954605733414313
2025-06-23 19:00,4.203300612025664
2025-06-23 20:00,3.1334611867868323
2025-06-23 21:00,2.509528685490829
2025-06-23 22:00,2.0943373873626787
2025-06-23 23:00,1.889828787785767
2025-06-24 00:00,1.224259211757098
2025-06-24 01:00,1.3483146536704083
2025-06-24 02:00,1.9088328848956986
2025-06-24 03:00,1.5874804662358346
2025-06-24 04:00,2.454477476072718
2025-06-24 05:00,1.7199541498348627
2025-06-24 06:00,1.0958301361598581
2025-06-24 07:00,1.2146160137587376
2025-06-24 08:00,1.7653227403290188
2025-06-24 09:00,1.1930208715334727
2025-06-24 10:00,1.2349633545687408
2025-06-24 11:00,0.4792880359063275
2025-06-24 12:00,0.744996761084586
2025-06-24 13:00,1.3469019437161764
2025-06-24 14:00,0.5633142230037576
2025-06-24 15:00,0.4031089028510791
2025-06-24 16:00,0.28076873292527377
2025-06-24 17:00,0.532329395703838
2025-06-24 18:00,0.5298928306035993
2025-06-24 19:00,0.416373876685046
2025-06-24 20:00,0.17226220617026353
2025-06-24 21:00,0.11444901581944408
2025-06-24 22:00,0.7754326352205284
2025-06-24 23:00,0.4241650042316873
2025-06-25 00:00,0.5701519107961377
2025-06-25 01:00,0.38482939710002184
2025-06-25 02:00,0.6025809932546149
2025-06-25 03:00,0.25301001526974215
2025-06-25 04:00,0.38576289960194815
2025-06-25 05:00,0.8550620191024845
2025-06-25 06:00,1.546717104712952
2025-06-25 07:00,3.333140462753079
2025-06-25 08:00,6.492347270701813
2025-06-25 09:00,4.104361331687443
2025-06-25 10:00,4.14609188276579
2025-06-25 11:00,7.668393880850104
2025-06-25 12:00,10.36320045623951
2025-06-25 13:00,9.74709508795557
2025-06-25 14:00,10.017663987241164
2025-06-25 15:00,11.955233019650318
2025-06-25 16:00,15.836652459195045
2025-06-25 17:00,20.409160046568076
2025-06-25 18:00,21.492863426966494
2025-06-25 19:00,20.925614153156623
2025-06-25 20:00,23.10826204446176
2025-06-25 21:00,17.368732909286276
2025-06-25 22:00,13.717935000305236
2025-06-25 23:00,13.64999164684496
2025-06-26 00:00,12.338793681561086
2025-06-26 01:00,7.812665808693074
2025-06-26 02:00,6.710728782252733
2025-06-26 03:00,6.463946830731873
2025-06-26 04:00,6.017370466465486
2025-06-26 05:00,4.035255787178747
2025-06-26 06:00,3.1932695326442433
2025-06-26 07:00,3.7837935234670645
2025-06-26 08:00,2.5769092559076583
2025-06-26 09:00,2.196727297539713
2025-06-26 10:00,1.5277682533175705
2025-06-26 11:00,1.2220756750292865
2025-06-26 12:00,2.1586484487722637
2025-06-26 13:00,1.945667901314176
2025-06-26 14:00,1.809785570952223
2025-06-26 15:00,1.705860579652496
2025-06-26 16:00,1.69269259182209
2025-06-26 17:00,1.3016062372100368
2025-06-26 18:00,1.3538797157906046
2025-06-26 19:00,0.6329453441529087
2025-06-26 20:00,0.15820812783463384
2025-06-26 21:00,0.14289064884882596
2025-06-26 22:00,0.23330096577788442
2025-06-26 23:00,0.1869799251735975
2025-06-27 00:00,0.5572034681001276
2025-06-27 01:00,0.10329670185793322
2025-06-27 02:00,0.1752597603288307
2025-06-27 03:00,0.11436182053159781
2025-06-27 04:00,0.07542463907798305
2025-06-27 05:00,0.1101459625029332
2025-06-27 06:00,0.0649359211611506
2025-06-27 07:00,0.15100375064895544
2025-06-27 08:00,0.13311575937830505
2025-06-27 09:00,0.10532211677100994
2025-06-27 10:00,0.319690031608148
2025-06-27 11:00,0.29419737135545776
2025-06-27 12:00,0.20252164542756285
2025-06-27 13:00,0.9078821734622686
2025-06-27 14:00,0.7432789996568728
2025-06-27 15:00,1.3564547746758946
2025-06-27 16:00,1.7779064194386525
2025-06-27 17:00,2.420341762387892
2025-06-27 18:00,2.7157149318712723
2025-06-27 19:00,3.517183846661462
2025-06-27 20:00,4.093625639061428
2025-06-27 21:00,4.721834756872687
2025-06-27 22:00,5.715899164289544
2025-06-27 23:00,5.554339592055694
2025-06-28 00:00,7.95822758442786
2025-06-28 01:00,7.326351930053667
2025-06-28 02:00,7.59049687266004
2025-06-28 03:00,5.526370187252285
2025-06-28 04:00,5.206439897089845
2025-06-28 05:00,4.948814555052581
2025-06-28 06:00,5.892320714415568
2025-06-28 07:00,5.458505899633463
2025-06-28 08:00,7.325283441205249
2025-06-28 09:00,7.097974302986666
2025-06-28 10:00,8.61567223408329
2025-06-28 11:00,9.52983670047519
2025-06-28 12:00,10.176786652497508
2025-06-28 13:00,9.407423924683915
2025-06-28 14:00,9.632497698181547
2025-06-28 15:00,9.935859626566991
2025-06-28 16:00,12.705528486998016
2025-06-28 17:00,14.577707589900438
2025-06-28 18:00,12.270047488033516
2025-06-28 19:00,13.06427608874009
2025-06-28 20:00,13.347313285370591
2025-06-28 21:00,11.83474688559838
2025-06-28 22:00,11.862143717089861
2025-06-28 23:00,5.988290820153304
2025-06-29 00:00,7.0567855188765485
2025-06-29 01:00,6.988860818201672
2025-06-29 02:00,6.500373326377
2025-06-29 03:00,6.472534933282557
2025-06-29 04:00,5.865329022758058
2025-06-29 05:00,5.846060162731137
2025-06-29 06:00,6.6761548681539145
2025-06-29 07:00,6.027077838678606
2025-06-29 08:00,3.363440664219673
2025-06-29 09:00,5.045365593718081
2025-06-29 10:00,6.082037219878922
2025-06-29 11:00,6.954349963091918
2025-06-29 12:00,7.590474015738989
2025-06-29 13:00,7.689451146657494
2025-06-29 14:00,10.470826089786026
2025-06-29 15:00,10.936986112690095
2025-06-29 16:00,13.06125803564898
2025-06-29 17:00,17.589710122052075
2025-06-29 18:00,15.952787959786285
2025-06-29 19:00,13.206602487029883
2025-06-29 20:00,10.248561432386179
2025-06-29 21:00,5.576296428149428
2025-06-29 22:00,3.5851579627053827
2025-06-29 23:00,3.7478646425784263
2025-06-30 00:00,2.3635605675202864
2025-06-30 01:00,2.2133034376116614
2025-06-30 02:00,1.2677179353989216
2025-06-30 03:00,0.8419127608976975
2025-06-30 04:00,0.5878537963551296
2025-06-30 05:00,0.7361060157513134
2025-06-30 06:00,0.5188453292755704
2025-06-30 07:00,0.878820501554054
2025-06-30 08:00,0.9557077268365557
2025-06-30 09:00,1.4921855165428648
2025-06-30 10:00,2.123714079132342
2025-06-30 11:00,1.9786143390220974
2025-06-30 12:00,3.9481334884600843
2025-06-30 13:00,4.316608506603226
2025-06-30 14:00,5.2889168363007055
2025-06-30 15:00,5.2472170215144125
2025-06-30 16:00,5.587327700452476
2025-06-30 17:00,5.676547030926672
2025-06-30 18:00,3.816955263702252
2025-06-30 19:00,3.6894242038970573
2025-06-30 20:00,3.169142949133621
2025-06-30 21:00,1.2670117104869087
2025-06-30 22:00,0.8952214174748343
2025-06-30 23:00,0.70556113718615
2025-07-01 00:00,0.5226998869698818
2025-07-01 01:00,0.949406890981995
2025-07-01 02:00,0.7463610988764486
2025-07-01 03:00,1.0633650204874279
2025-07-01 04:00,1.0046670796219261
2025-07-01 05:00,1.6871113209797381
2025-07-01 06:00,1.9527115492189608
2025-07-01 07:00,2.6949852530887597
2025-07-01 08:00,4.124226125027781
2025-07-01 09:00,4.498973070985653
2025-07-01 10:00,3.5515388901225466
2025-07-01 11:00,5.854298436009719
2025-07-01 12:00,6.740620198395278
2025-07-01 13:00,7.2846648211746
2025-07-01 14:00,7.463633187146026
2025-07-01 15:00,7.613143294708662
2025-07-01 16:00,7.402199768604913
2025-07-01 17:00,6.879894767327549
2025-07-01 18:00,5.694159691279047
2025-07-01 19:00,6.002622755167608
2025-07-01 20:00,3.5624161124506877
2025-07-01 21:00,4.001825155816748
2025-07-01 22:00,4.024625654023616
2025-07-01 23:00,4.224972178272967
2025-07-02 00:00,5.025016265920371
2025-07-02 01:00,6.967885171180685
2025-07-02 02:00,7.279941381910753
2025-07-02 03:00,7.381440603904043
2025-07-02 04:00,6.174774178172154
2025-07-02 05:00,7.879945269859544
2025-07-02 06:00,8.973528305447747
2025-07-02 07:00,7.293479381769586
2025-07-02 08:00,8.463043025216173
2025-07-02 09:00,8.645498021515596
2025-07-02 10:00,7.090152141058452
2025-07-02 11:00,6.974491961362013
2025-07-02 12:00,8.340234929590373
2025-07-02 13:00,9.349981233032567
2025-07-02 14:00,7.692375261554969
2025-07-02 15:00,8.3536159598936
2025-07-02 16:00,7.192353842780421
2025-07-02 17:00,8.82644416331668
2025-07-02 18:00,7.884553105392512
2025-07-02 19:00,9.448334021986799
2025-07-02 20:00,5.895402587045023
2025-07-02 21:00,5.519061039435769
2025-07-02 22:00,7.13967569830048
2025-07-02 23:00,6.495468972623554
2025-07-03 00:00,7.245438012653974
2025-07-03 01:00,8.565635877299263
2025-07-03 02:00,8.466488461806396
2025-07-03 03:00,9.133295115873608
2025-07-03 04:00,11.102504325260407
2025-07-03 05:00,11.12195954327054
2025-07-03 06:00,10.730890886177058
2025-07-03 07:00,13.13028646009131
2025-07-03 08:00,11.478727896440368
2025-07-03 09:00,8.742688152095385
2025-07-03 10:00,9.20470454859754
2025-07-03 11:00,9.25613883464918
2025-07-03 12:00,8.772777439463916
2025-07-03 13:00,8.38529476112441
2025-07-03 14:00,8.56435809769776
2025-07-03 15:00,8.907882139584437
2025-07-03 16:00,9.308090064288402
2025-07-03 17:00,15.02189453013441
2025-07-03 18:00,15.37838089602979
2025-07-03 19:00,17.671852777976135
2025-07-03 20:00,17.627551223896987
2025-07-03 21:00,17.605747870884194
2025-07-03 22:00,18.407463416375187
2025-07-03 23:00,18.075456027970418
2025-07-04 00:00,17.582293913804726
2025-07-04 01:00,24.26583703423757
2025-07-04 02:00,26.20489017474371
2025-07-04 03:00,29.156168485824345
2025-07-04 04:00,28.143068581267634
2025-07-04 05:00,30.13185000050099
2025-07-04 06:00,26.559346703267646
2025-07-04 07:00,26.738082468207047
2025-07-04 08:00,24.318353486281737
2025-07-04 09:00,26.97805341562951
2025-07-04 10:00,26.046429492155955
2025-07-04 11:00,24.961211144393868
2025-07-04 12:00,25.968689966718628
2025-07-04 13:00,24.341907759372
2025-07-04 14:00,22.395616905308415
2025-07-04 15:00,24.453194040905785
2025-07-04 16:00,27.228677772061786
2025-07-04 17:00,26.440941325415956
2025-07-04 18:00,23.589281745845746
2025-07-04 19:00,25.843363177014673
2025-07-04 20:00,28.30963970316111
2025-07-04 21:00,26.919821087498608
2025-07-04 22:00,26.05487017944669
2025-07-04 23:00,23.13718349416877
2025-07-05 00:00,20.732270406129473
2025-07-05 01:00,16.867476558317293
2025-07-05 02:00,17.6802566565773
2025-07-05 03:00,20.376834635724684
2025-07-05 04:00,20.588616880049653
2025-07-05 05:00,18.655832735030497
2025-07-05 06:00,17.210852044408995
2025-07-05 07:00,21.96112198314759
2025-07-05 08:00,19.058050557862646
2025-07-05 09:00,15.413765912412913
2025-07-05 10:00,13.789049174604113
2025-07-05 11:00,13.309898300490651
2025-07-05 12:00,17.83825710586016
2025-07-05 13:00,20.60443806959688
2025-07-05 14:00,19.981883054897715
2025-07-05 15:00,20.455363937379634
2025-07-05 16:00,13.998058233292493
2025-07-05 17:00,17.853470645501982
2025-07-05 18:00,19.606017005149212
2025-07-05 19:00,21.593910197867135
2025-07-05 20:00,19.68476300679429
2025-07-05 21:00,16.288415974485467
2025-07-05 22:00,13.241905446841251
2025-07-05 23:00,14.430460569549698
2025-07-06 00:00,13.964755636269956
2025-07-06 01:00,14.78157110582703
2025-07-06 02:00,12.653936768519701
2025-07-06 03:00,12.941690644376362
2025-07-06 04:00,11.614163094663022
2025-07-06 05:00,10.786412241692013
2025-07-06 06:00,10.86706859779245
2025-07-06 07:00,11.666651770227134
2025-07-06 08:00,9.654130712277123
2025-07-06 09:00,8.293119190835759
2025-07-06 10:00,6.114449890163195
2025-07-06 11:00,5.889515519280966
2025-07-06 12:00,6.321465214272599
2025-07-06 13:00,7.015933918654571
2025-07-06 14:00,6.068498050283357
2025-07-06 15:00,6.7176267916284305
2025-07-06 16:00,7.418200637902338
2025-07-06 17:00,9.68350008503144
2025-07-06 18:00,11.038278268150574
2025-07-06 19:00,13.93500661826137
2025-07-06 20:00,11.530063627677936
2025-07-06 21:00,9.267700535227489
2025-07-06 22:00,7.307027580029197
2025-07-06 23:00,7.516137984204821
2025-07-07 00:00,5.613398379310752
2025-07-07 01:00,3.4992246883317044
2025-07-07 02:00,2.7251384080998866
2025-07-07 03:00,1.2867269034344482
2025-07-07 04:00,0.9681855721386265
2025-07-07 05:00,0.5385589975907361
2025-07-07 06:00,0.317858897858736
2025-07-07 07:00,0.28671340106934434
2025-07-07 08:00,0.13971793784571857
2025-07-07 09:00,0.24205931611502135
2025-07-07 10:00,0.27134912875050016
2025-07-07 11:00,0.2665482834122324
2025-07-07 12:00,0.2528346520998929
2025-07-07 13:00,0.7307255025569659
2025-07-07 14:00,1.8971973396350519
2025-07-07 15:00,3.176706214250224
2025-07-07 16:00,2.968355091400189
2025-07-07 17:00,2.3294581818985063
2025-07-07 18:00,1.3497114592933026
2025-07-07 19:00,1.4754058349618662
2025-07-07 20:00,2.9032782063312794
2025-07-07 21:00,3.7703959718027447
2025-07-07 22:00,2.422095821289795
2025-07-07 23:00,2.2962443333408
2025-07-08 00:00,1.8762720094555705
2025-07-08 01:00,1.9120876080210505
2025-07-08 02:00,1.9877337639386097
2025-07-08 03:00,2.099147520525448
2025-07-08 04:00,1.8217900639466909
2025-07-08 05:00,2.237507581153908
2025-07-08 06:00,1.533712436050398
2025-07-08 07:00,0.4221057102641603
2025-07-08 08:00,0.2629121696865419
2025-07-08 09:00,0.16140508579530344
2025-07-08 10:00,0.30390937690577374
2025-07-08 11:00,0.36258984602589195
2025-07-08 12:00,0.7082761006171554
2025-07-08 13:00,0.84713245276382
2025-07-08 14:00,1.9599301733076426
2025-07-08 15:00,3.263563875984465
2025-07-08 16:00,3.506389276423335
2025-07-08 17:00,2.9261259364811174
2025-07-08 18:00,3.0797864410703286
2025-07-08 19:00,3.58072103677935
2025-07-08 20:00,3.260870667564504
2025-07-08 21:00,2.5743923667757675
2025-07-08 22:00,1.0893320964487119
2025-07-08 23:00,1.0767423363258535
2025-07-09 00:00,0.40738474988007384
2025-07-09 01:00,0.32427678333967885
2025-07-09 02:00,0.17448283480605317
2025-07-09 03:00,0.2710893358045761
2025-07-09 04:00,0.2090170838349767
2025-07-09 05:00,0.34387301104219115
2025-07-09 06:00,0.2750129469942343
2025-07-09 07:00,0.5072580991699401
2025-07-09 08:00,0.7458312037566066
2025-07-09 09:00,0.6834364433683604
2025-07-09 10:00,0.9661836245289345
2025-07-09 11:00,0.7287056642170333
2025-07-09 12:00,0.33028483492655064
2025-07-09 13:00,0.5236062756471684
2025-07-09 14:00,2.2943752925351144
2025-07-09 15:00,3.8416832292951373
2025-07-09 16:00,4.063355272328432
2025-07-09 17:00,3.7592257578395776
2025-07-09 18:00,2.7039168372026614
2025-07-09 19:00,1.4599371523210163
2025-07-09 20:00,0.8054807188089883
2025-07-09 21:00,0.542968101813024
2025-07-09 22:00,0.7258731694543478
2025-07-09 23:00,1.033072330886338
2025-07-10 00:00,0.4190735641270159
2025-07-10 01:00,0.5327583040067263
2025-07-10 02:00,1.046889539569054
2025-07-10 03:00,1.3165874498156567
2025-07-10 04:00,1.6987736180915411
2025-07-10 05:00,2.1871030362203765
2025-07-10 06:00,2.5251683282021866
2025-07-10 07:00,3.443485837396694
2025-07-10 08:00,4.497191178053031
2025-07-10 09:00,5.748332819496067
2025-07-10 10:00,6.159704264069459
2025-07-10 11:00,5.881016087024478
2025-07-10 12:00,7.358943215401092
2025-07-10 13:00,7.7105698877058355
2025-07-10 14:00,11.202369500577177
2025-07-10 15:00,15.782199661054186
2025-07-10 16:00,13.966885697866651
2025-07-10 17:00,12.842642545623054
2025-07-10 18:00,12.626311463638963
2025-07-10 19:00,10.951209854537222
2025-07-10 20:00,9.334926277481992
2025-07-10 21:00,7.372632830847646
2025-07-10 22:00,6.3672645600266975
2025-07-10 23:00,5.8016213984272476
2025-07-11 00:00,3.640810029785947
2025-07-11 01:00,5.6061788039968246
2025-07-11 02:00,5.623950589026695
2025-07-11 03:00,6.2427159487222905
2025-07-11 04:00,7.024142599618737
2025-07-11 05:00,6.401583964391321
2025-07-11 06:00,6.764683434900755
2025-07-11 07:00,5.401297574999914
2025-07-11 08:00,6.295636810669225
2025-07-11 09:00,8.326929054663488
2025-07-11 10:00,5.372279058345972
2025-07-11 11:00,4.47905841182572
2025-07-11 12:00,4.538621886686741
2025-07-11 13:00,4.710170326608131
2025-07-11 14:00,5.8106252290125475
2025-07-11 15:00,7.332635406247091
2025-07-11 16:00,10.114964753314986
2025-07-11 17:00,14.400345455204434
2025-07-11 18:00,12.028236297028933
2025-07-11 19:00,9.521132582250996
2025-07-11 20:00,7.719386271754901
2025-07-11 21:00,7.005024707961464
2025-07-11 22:00,7.013663994734118
2025-07-11 23:00,4.871426092105052
2025-07-12 00:00,4.9906560205189034
2025-07-12 01:00,3.086430302328047
2025-07-12 02:00,2.5862183140709645
2025-07-12 03:00,2.9599463456243584
2025-07-12 04:00,4.214314622918897
2025-07-12 05:00,3.741805977673053
2025-07-12 06:00,3.9880448068292558
2025-07-12 07:00,2.3235060243437573
2025-07-12 08:00,1.409415329938568
2025-07-12 09:00,1.0448741436643667
2025-07-12 10:00,0.6544421337043406
2025-07-12 11:00,0.20541854379007968
2025-07-12 12:00,0.38299353738993747
2025-07-12 13:00,0.24675934164733535
2025-07-12 14:00,0.7806360247513222
2025-07-12 15:00,1.6328624605237483
2025-07-12 16:00,1.614745927717431
2025-07-12 17:00,1.3306591188616783
2025-07-12 18:00,1.6414044186458945
2025-07-12 19:00,0.4103160079219482
2025-07-12 20:00,0.16432757832805003
2025-07-12 21:00,0.1570506000313113
2025-07-12 22:00,0.10271261317887444
2025-07-12 23:00,0.1282856877724056
2025-07-13 00:00,0.34628649136900747
2025-07-13 01:00,0.266607603785673
2025-07-13 02:00,0.15411405963262143
2025-07-13 03:00,0.2431448670985616
2025-07-13 04:00,0.21242316250665677
2025-07-13 05:00,0.19413212466726992
2025-07-13 06:00,0.16362471720885804
2025-07-13 07:00,0.06208234459087265
2025-07-13 08:00,0.02655891105927995
2025-07-13 09:00,0.0
2025-07-13 10:00,0.014271606584847444
2025-07-13 11:00,0.10832501724334434
2025-07-13 12:00,0.13913653457734587
2025-07-13 13:00,0.27495095001758907
2025-07-13 14:00,0.6026445958568332
2025-07-13 15:00,0.17889581389347065
2025-07-13 16:00,0.16882079909694084
2025-07-13 17:00,0.29557153343026793
2025-07-13 18:00,0.11754936465293449
2025-07-13 19:00,0.23279028472206326
2025-07-13 20:00,0.6545935270934637
2025-07-13 21:00,1.1549923318282267
2025-07-13 22:00,0.8773458847969077
2025-07-13 23:00,0.6452815683288209
2025-07-14 00:00,0.6141531473268538
2025-07-14 01:00,0.5868810570555065
2025-07-14 02:00,0.8967802709849124
2025-07-14 03:00,0.6043733435902714
2025-07-14 04:00,0.4477436446228441
2025-07-14 05:00,0.8149886306286654
2025-07-14 06:00,0.3522395759255273
2025-07-14 07:00,0.20936634966971163
2025-07-14 08:00,1.3211556678198755
2025-07-14 09:00,1.6257890272301767
2025-07-14 10:00,1.819109517170946
2025-07-14 11:00,3.169783588348476
2025-07-14 12:00,4.50225830644747
2025-07-14 13:00,3.96327687478243
2025-07-14 14:00,6.394097046089218
2025-07-14 15:00,8.057011926057736
2025-07-14 16:00,10.317729355607229
2025-07-14 17:00,17.233392050136466
2025-07-14 18:00,19.110946534952852
2025-07-14 19:00,15.912033035149111
2025-07-14 20:00,13.531732254667405
2025-07-14 21:00,10.65706841218604
2025-07-14 22:00,10.127147535038523
2025-07-14 23:00,4.379132152793572
2025-07-15 00:00,2.3903508509667835
2025-07-15 01:00,5.533795124791748
2025-07-15 02:00,9.036612219250953
2025-07-15 03:00,10.082637540223965
2025-07-15 04:00,6.669420553596156
2025-07-15 05:00,6.066422136610068
2025-07-15 06:00,7.253705632963425
2025-07-15 07:00,13.10760649042604
2025-07-15 08:00,15.803732662180874
2025-07-15 09:00,15.98509653703357
2025-07-15 10:00,14.366668470757757
2025-07-15 11:00,9.64002980597759
2025-07-15 12:00,11.724372063299471
2025-07-15 13:00,9.680427268972743
2025-07-15 14:00,11.830857993326443
2025-07-15 15:00,10.982410515465688
2025-07-15 16:00,10.988892700159473
2025-07-15 17:00,10.055234077692486
2025-07-15 18:00,10.33483131770676
2025-07-15 19:00,11.171169863520234
2025-07-15 20:00,10.01173272809168
2025-07-15 21:00,11.503638873868567
2025-07-15 22:00,12.121823810239299
2025-07-15 23:00,9.101948740240214
2025-07-16 00:00,10.515858514685808
2025-07-16 01:00,11.976310668846747
2025-07-16 02:00,12.18395882962605
2025-07-16 03:00,11.773706962748143
2025-07-16 04:00,13.405284289230881
2025-07-16 05:00,12.342355984125152
2025-07-16 06:00,14.348770386920295
2025-07-16 07:00,16.729988480566497
2025-07-16 08:00,21.268722415302438
2025-07-16 09:00,18.979445448814282
2025-07-16 10:00,21.59582252259486
2025-07-16 11:00,26.460967663237117
2025-07-16 12:00,27.865285717769602
2025-07-16 13:00,29.2715275795767
2025-07-16 14:00,31.37983291924111
2025-07-16 15:00,30.713757681436654
2025-07-16 16:00,34.2576069126832
2025-07-16 17:00,34.16748251320711
2025-07-16 18:00,39.73820456861678
2025-07-16 19:00,43.432578338805826
2025-07-16 20:00,40.881637130146814
2025-07-16 21:00,43.38750430484484
2025-07-16 22:00,46.1446261090964
2025-07-16 23:00,46.23461136437339
2025-07-17 00:00,39.029757656002985
2025-07-17 01:00,40.496204314106
2025-07-17 02:00,39.431510202876154
2025-07-17 03:00,41.35939986352911
2025-07-17 04:00,39.0993126813902
2025-07-17 05:00,36.31717037024093
2025-07-17 06:00,35.89610795278761
2025-07-17 07:00,34.55919780588289
2025-07-17 08:00,32.05190429954849
2025-07-17 09:00,29.29733424834191
2025-07-17 10:00,27.165504048667025
2025-07-17 11:00,22.388609014723272
2025-07-17 12:00,24.25378153382906
2025-07-17 13:00,28.524989606303397
2025-07-17 14:00,24.108832125014935
2025-07-17 15:00,27.22889144539532
2025-07-17 16:00,34.08159567728606
2025-07-17 17:00,37.150793651802914
2025-07-17 18:00,35.59095046559135
2025-07-17 19:00,36.34028741268206
2025-07-17 20:00,39.99847505860417
2025-07-17 21:00,38.985026378935714
2025-07-17 22:00,37.66330011726792
2025-07-17 23:00,38.969087929903765
2025-07-18 00:00,44.9985510724868
2025-07-18 01:00,43.22159248872523
2025-07-18 02:00,42.151421082305276
2025-07-18 03:00,39.082006044143505
2025-07-18 04:00,37.51769183205284
2025-07-18 05:00,36.17802828040048
2025-07-18 06:00,33.8782687087758
2025-07-18 07:00,29.083738438229876
2025-07-18 08:00,31.154405515261665
2025-07-18 09:00,22.42825230614182
2025-07-18 10:00,13.9186264369289
2025-07-18 11:00,8.52097473802042
2025-07-18 12:00,7.539184709904859
2025-07-18 13:00,7.456493828362855
2025-07-18 14:00,8.484914817393214
2025-07-18 15:00,7.160283433595787
2025-07-18 16:00,6.783473897126214
2025-07-18 17:00,8.92555856392677
2025-07-18 18:00,6.6523800308062455
2025-07-18 19:00,6.620940337019889
2025-07-18 20:00,9.349546330223756
2025-07-18 21:00,11.536943309644492
2025-07-18 22:00,11.816714117805825
2025-07-18 23:00,15.513173251697172
2025-07-19 00:00,19.20787800986259
2025-07-19 01:00,20.835962244789087
2025-07-19 02:00,26.390697234377207
2025-07-19 03:00,16.2843371820573
2025-07-19 04:00,20.29605756222366
2025-07-19 05:00,26.895380674026757
2025-07-19 06:00,25.309905332585625
2025-07-19 07:00,29.51616102566225
2025-07-19 08:00,30.706330687013
2025-07-19 09:00,24.949257760818476
2025-07-19 10:00,25.039135409764445
2025-07-19 11:00,28.424974695787114
2025-07-19 12:00,31.07476459436718
2025-07-19 13:00,33.05122690333522
2025-07-19 14:00,31.9152504732648
2025-07-19 15:00,25.607896060949976
2025-07-19 16:00,28.91283256917736
2025-07-19 17:00,32.725440941973325
2025-07-19 18:00,33.95116760560386
2025-07-19 19:00,30.958823682897375
2025-07-19 20:00,30.715193446111623
2025-07-19 21:00,28.56611033994171
2025-07-19 22:00,27.576995285865436
2025-07-19 23:00,25.237057102560275
2025-07-20 00:00,24.744608530292858
2025-07-20 01:00,16.704066257284794
2025-07-20 02:00,17.51182868393185
2025-07-20 03:00,19.143667714631164
2025-07-20 04:00,17.388250427588844
2025-07-20 05:00,17.598547806155217
2025-07-20 06:00,23.438324389713014
2025-07-20 07:00,30.145656433779138
2025-07-20 08:00,26.518653364547173
2025-07-20 09:00,23.725275359596495
2025-07-20 10:00,21.478690810446626
2025-07-20 11:00,21.330758641627245
2025-07-20 12:00,21.367097787821688
2025-07-20 13:00,20.378661289679755
2025-07-20 14:00,18.50575185791232
2025-07-20 15:00,15.896995647538098
2025-07-20 16:00,12.030310460938313
2025-07-20 17:00,13.939395150887075
2025-07-20 18:00,13.451749296241953
2025-07-20 19:00,15.6754595686767
2025-07-20 20:00,16.726735806539132
2025-07-20 21:00,12.850082307290332
2025-07-20 22:00,13.26999844006131
2025-07-20 23:00,15.364201180260926
2025-07-21 00:00,15.065630911030448
2025-07-21 01:00,11.541619801845442
2025-07-21 02:00,16.690463778789532
2025-07-21 03:00,15.996996692465881
2025-07-21 04:00,15.796372436774451
2025-07-21 05:00,16.316508663062923
2025-07-21 06:00,14.692092794089694
2025-07-21 07:00,13.669555621144024
2025-07-21 08:00,12.358858535101188
2025-07-21 09:00,10.40138298148072
2025-07-21 10:00,7.264388551905544
2025-07-21 11:00,7.040285589403929
2025-07-21 12:00,5.680150943261626
2025-07-21 13:00,3.4498868428001934
2025-07-21 14:00,4.035569687574494
2025-07-21 15:00,2.6808441777898397
2025-07-21 16:00,3.1632205462407628
2025-07-21 17:00,2.5103941749908962
2025-07-21 18:00,3.090065137145261
2025-07-21 19:00,0.7310972981938282
2025-07-21 20:00,0.6316645618243868
2025-07-21 21:00,0.18193131413364555
2025-07-21 22:00,0.7314449586700598
2025-07-21 23:00,0.5717211164531284
2025-07-22 00:00,0.2693827855825997
2025-07-22 01:00,0.13264948660369513
2025-07-22 02:00,0.22718800657291469
2025-07-22 03:00,0.5386653424267048
2025-07-22 04:00,0.4914712754694168
2025-07-22 05:00,0.45808985674430025
2025-07-22 06:00,0.3499207982966769
2025-07-22 07:00,0.3740141056189743
2025-07-22 08:00,0.2674356084065538
2025-07-22 09:00,0.4110369616942192
2025-07-22 10:00,0.16828698095128317
2025-07-22 11:00,0.2608289335839663
2025-07-22 12:00,1.177688969498101
2025-07-22 13:00,1.0548685717168274
2025-07-22 14:00,1.3140671215447353
2025-07-22 15:00,2.1653822108220555
2025-07-22 16:00,2.06233917857313
2025-07-22 17:00,1.343000386244384
2025-07-22 18:00,1.5277710170083312
2025-07-22 19:00,1.0246189444426947
2025-07-22 20:00,0.37342713100276415
2025-07-22 21:00,0.11030991401339968
2025-07-22 22:00,0.033407149090413035
2025-07-22 23:00,0.01632517630166278
2025-07-23 00:00,0.05294236907232606
2025-07-23 01:00,0.09963456296901085
2025-07-23 02:00,0.01920406430793295
2025-07-23 03:00,0.02404825370079741
2025-07-23 04:00,0.07629816409065103
2025-07-23 05:00,0.056026574222137235
2025-07-23 06:00,0.0506113920671548
2025-07-23 07:00,0.01901918327715485
2025-07-23 08:00,0.04734500469004447
2025-07-23 09:00,0.0060198803813242
2025-07-23 10:00,0.0885092959734705
2025-07-23 11:00,0.10672987498218638
2025-07-23 12:00,0.21692427127514344
2025-07-23 13:00,0.3620188832641103
2025-07-23 14:00,1.7575311367402628
2025-07-23 15:00,2.6435092541026313
2025-07-23 16:00,3.2256010580193983
2025-07-23 17:00,2.684764446618879
2025-07-23 18:00,1.5501235824396968
2025-07-23 19:00,1.6739811406378446
2025-07-23 20:00,1.0273935477666163
2025-07-23 21:00,0.7303384978116666
2025-07-23 22:00,0.7087056463220023
2025-07-23 23:00,0.1788073414404167
2025-07-24 00:00,0.02597238514891346
2025-07-24 01:00,0.10423630905023547
2025-07-24 02:00,0.1548141167690536
2025-07-24 03:00,0.1593557988329135
2025-07-24 04:00,0.09486798629341764
2025-07-24 05:00,0.2835730712739247
2025-07-24 06:00,0.1982353036157057
2025-07-24 07:00,0.03599788673371785
2025-07-24 08:00,0.035554507210552
2025-07-24 09:00,0.03839981217095307
2025-07-24 10:00,0.0891011274540944
2025-07-24 11:00,0.35683570744738213
2025-07-24 12:00,0.39547857702756295
2025-07-24 13:00,0.90819347645141
2025-07-24 14:00,2.0963418824355733
2025-07-24 15:00,4.879757529850908
2025-07-24 16:00,6.282494258826811
2025-07-24 17:00,7.323974934843163
2025-07-24 18:00,8.289751402235787
2025-07-24 19:00,5.8987344430500865
2025-07-24 20:00,6.498144160683919
2025-07-24 21:00,4.646671717859842
2025-07-24 22:00,0.4252254741908005
2025-07-24 23:00,0.5674175604460957
2025-07-25 00:00,0.2278006465847992
2025-07-25 01:00,0.18588617655440196
2025-07-25 02:00,0.07090208457236591
2025-07-25 03:00,0.18334986573150752
2025-07-25 04:00,0.2168091087890635
2025-07-25 05:00,0.10790133230442807
2025-07-25 06:00,0.10151121162966867
2025-07-25 07:00,0.1073159204865086
2025-07-25 08:00,0.27102073611864164
2025-07-25 09:00,0.2840794759869293
2025-07-25 10:00,0.20560642368051668
2025-07-25 11:00,0.29588418206575917
2025-07-25 12:00,0.46739424482612013
2025-07-25 13:00,0.868254587907745
2025-07-25 14:00,0.931752155824924
2025-07-25 15:00,1.972097525679505
2025-07-25 16:00,3.076622351748466
2025-07-25 17:00,3.473323626312121
2025-07-25 18:00,1.730160418414267
2025-07-25 19:00,1.1340319659101101
2025-07-25 20:00,1.3745486155158488
2025-07-25 21:00,0.6378322437476176
2025-07-25 22:00,0.2459697819962626
2025-07-25 23:00,0.20655760881354646
2025-07-26 00:00,0.3304504530761012
2025-07-26 01:00,0.4149258616848617
2025-07-26 02:00,0.6705193853082094
2025-07-26 03:00,1.0436103794525409
2025-07-26 04:00,1.246407223232521
2025-07-26 05:00,1.2521025707912246
2025-07-26 06:00,1.7811167940836428
2025-07-26 07:00,2.9590335974839705
2025-07-26 08:00,5.363763637618177
2025-07-26 09:00,5.90133737464386
2025-07-26 10:00,4.801279761905476
2025-07-26 11:00,4.504301956849128
2025-07-26 12:00,4.604223213295992
2025-07-26 13:00,4.102263281765858
2025-07-26 14:00,5.43192208992258
2025-07-26 15:00,4.80198974474709
2025-07-26 16:00,7.905423374711033
2025-07-26 17:00,9.181272338765893
2025-07-26 18:00,8.727318622462041
2025-07-26 19:00,7.213848754771585
2025-07-26 20:00,7.741530219376323
2025-07-26 21:00,6.038413219468392
2025-07-26 22:00,4.327091619460447
2025-07-26 23:00,3.3385446670104004
2025-07-27 00:00,1.9945519792894633
2025-07-27 01:00,1.1339273261775573
2025-07-27 02:00,2.500107537179423
2025-07-27 03:00,3.360700825503754
2025-07-27 04:00,2.8490510148743353
2025-07-27 05:00,3.4567866989586493
2025-07-27 06:00,2.0682702443401584
2025-07-27 07:00,1.4973984185081703
2025-07-27 08:00,1.7055409892209874
2025-07-27 09:00,2.125494091086527
2025-07-27 10:00,0.8635857241301302
2025-07-27 11:00,0.4750705988673875
2025-07-27 12:00,0.36461307244789337
2025-07-27 13:00,0.2617809623532147
2025-07-27 14:00,1.234455697379217
2025-07-27 15:00,2.0583305983435936
2025-07-27 16:00,1.7471717784759302
2025-07-27 17:00,2.3025696029526186
2025-07-27 18:00,1.0285910870759585
2025-07-27 19:00,0.4794789171871686
2025-07-27 20:00,0.23019850627604369
2025-07-27 21:00,0.2751437403022081
2025-07-27 22:00,0.13332102442216998
2025-07-27 23:00,0.0303845387290482
2025-07-28 00:00,0.05515929427029758
2025-07-28 01:00,0.061873718460003016
2025-07-28 02:00,0.01954324366829987
2025-07-28 03:00,0.04328986597137213
2025-07-28 04:00,0.10195697006255877
2025-07-28 05:00,0.0729565069018561
2025-07-28 06:00,0.026247257998209362
2025-07-28 07:00,0.01285190655610805
2025-07-28 08:00,0.030286512124282912
2025-07-28 09:00,0.036307683266405155
2025-07-28 10:00,0.03718390474611495
2025-07-28 11:00,0.1843784926468533
2025-07-28 12:00,0.993881940640438
2025-07-28 13:00,2.074064605039922
2025-07-28 14:00,3.1115117994486514
2025-07-28 15:00,3.425519095586852
2025-07-28 16:00,3.4128877547544576
2025-07-28 17:00,5.969950957176502
2025-07-28 18:00,2.766528032345395
2025-07-28 19:00,2.0735810937812023
2025-07-28 20:00,1.8855431043304458
2025-07-28 21:00,1.2843645307182372
2025-07-28 22:00,0.6779519948465649
2025-07-28 23:00,0.28355583900902337
2025-07-29 00:00,0.056230880737075876
2025-07-29 01:00,0.04193775573950265
2025-07-29 02:00,0.0034950833538234
2025-07-29 03:00,0.027232570225952064
2025-07-29 04:00,0.03929269209577611
2025-07-29 05:00,0.08147457820348054
2025-07-29 06:00,0.10706478137331468
2025-07-29 07:00,0.01499308878396045
2025-07-29 08:00,0.06884075227978823
2025-07-29 09:00,0.0970858878179955
2025-07-29 10:00,0.14904843104057483
2025-07-29 11:00,0.029736409597049093
2025-07-29 12:00,0.19626447277185144
2025-07-29 13:00,0.2348441051610859
2025-07-29 14:00,0.5917370798659216
2025-07-29 15:00,2.157520668304967
2025-07-29 16:00,1.8923863222187425
2025-07-29 17:00,0.8346593444124908
2025-07-29 18:00,0.99237463723396
2025-07-29 19:00,0.49722876650854886
2025-07-29 20:00,0.10851685021969966
2025-07-29 21:00,0.12013275445107105
2025-07-29 22:00,0.11269664227134848
2025-07-29 23:00,0.08170100834713323
2025-07-30 00:00,0.09322387234247573
2025-07-30 01:00,0.08454504609064124
2025-07-30 02:00,0.04044362438131417
2025-07-30 03:00,0.023744929964471435
2025-07-30 04:00,0.01025166949992595
2025-07-30 05:00,0.1745983086145361
2025-07-30 06:00,0.1335094393688847
2025-07-30 07:00,0.2016563929156195
2025-07-30 08:00,0.24059054123574541
2025-07-30 09:00,0.29149803005948227
2025-07-30 10:00,0.11036181270476461
2025-07-30 11:00,0.30342458157744157
2025-07-30 12:00,1.418019420382887
2025-07-30 13:00,1.8123953211385375
2025-07-30 14:00,2.6577750474461626
2025-07-30 15:00,2.495690644861427
2025-07-30 16:00,3.997910640579399
2025-07-30 17:00,4.524871996186036
2025-07-30 18:00,4.732869957280888
2025-07-30 19:00,4.87366082470411
2025-07-30 20:00,7.097173673298085
2025-07-30 21:00,4.757815124123015
2025-07-30 22:00,4.257792323353313
2025-07-30 23:00,3.692320898187175
2025-07-31 00:00,3.131604095215377
2025-07-31 01:00,2.685888544343289
2025-07-31 02:00,2.036990020323497
2025-07-31 03:00,1.3322731674833599
2025-07-31 04:00,1.4030286844703648
2025-07-31 05:00,2.1246160623467256
2025-07-31 06:00,1.8692662157720332
2025-07-31 07:00,3.174509075438305
2025-07-31 08:00,3.4564197965643078
2025-07-31 09:00,3.8522268794881396
2025-07-31 10:00,2.9648932717010803
2025-07-31 11:00,3.209726607920268
2025-07-31 12:00,2.4645487215545456
2025-07-31 13:00,3.087605851427114
2025-07-31 14:00,3.52360825015288
2025-07-31 15:00,4.0365137597246274
2025-07-31 16:00,3.5016416570830113
2025-07-31 17:00,5.776234576151625
2025-07-31 18:00,4.2665890496352645
2025-07-31 19:00,2.281908365272929
2025-07-31 20:00,0.5819959216203424
2025-07-31 21:00,0.5162374746055702
2025-07-31 22:00,0.36225590257785095
2025-07-31 23:00,0.6447021191035989
2025-08-01 00:00,0.06235454880942501
2025-08-01 01:00,0.11344648885541478
2025-08-01 02:00,0.27688869866869126
2025-08-01 03:00,0.12199390132783688
2025-08-01 04:00,0.2050790090290313
2025-08-01 05:00,0.4888573109370211
2025-08-01 06:00,0.4943042354899973
2025-08-01 07:00,0.08886423696352005
2025-08-01 08:00,0.031361701186001546
2025-08-01 09:00,0.0452009388079002
2025-08-01 10:00,0.03690559761072237
2025-08-01 11:00,0.051603948969594714
2025-08-01 12:00,0.1702063743976595
2025-08-01 13:00,0.4278562847261219
2025-08-01 14:00,0.8050489074857413
2025-08-01 15:00,1.2752578232042526
2025-08-01 16:00,1.3659546021980857
2025-08-01 17:00,1.0861573297217162
2025-08-01 18:00,1.000507023882239
2025-08-01 19:00,0.5446513584954165
2025-08-01 20:00,0.12357107483645043
2025-08-01 21:00,0.0400122978041756
2025-08-01 22:00,0.07697270566330787
2025-08-01 23:00,0.06953619015474811
2025-08-02 00:00,0.08592452688248936
2025-08-02 01:00,0.10274098891132534
2025-08-02 02:00,0.0862710544661482
2025-08-02 03:00,0.15603961264861604
2025-08-02 04:00,0.14976015406244497
2025-08-02 05:00,0.12574121191534712
2025-08-02 06:00,0.13867297094248343
2025-08-02 07:00,0.0580199237149361
2025-08-02 08:00,0.03637507718585153
2025-08-02 09:00,0.01451959104416345
2025-08-02 10:00,0.011232635407155645
2025-08-02 11:00,0.09470669382787437
2025-08-02 12:00,0.26869630941869593
2025-08-02 13:00,0.6546802384909798
2025-08-02 14:00,0.9272026471066385
2025-08-02 15:00,1.388831728509737
2025-08-02 16:00,1.5917042718676577
2025-08-02 17:00,1.4998970001944953
2025-08-02 18:00,0.9634604878752575
2025-08-02 19:00,0.39968093754168543
2025-08-02 20:00,0.09115010758010193
2025-08-02 21:00,0.0811181118667534
2025-08-02 22:00,0.04883497454694842
2025-08-02 23:00,0.06599972555388298
2025-08-03 00:00,0.30173002387953834
2025-08-03 01:00,0.19801393992902994
2025-08-03 02:00,0.24345668877907223
2025-08-03 03:00,0.07916681446280971
2025-08-03 04:00,0.10759035454396694
2025-08-03 05:00,0.103939220883947
2025-08-03 06:00,0.13595205879247746
2025-08-03 07:00,0.05420729170034469
2025-08-03 08:00,0.04070510033730855
2025-08-03 09:00,0.022860491643743618
2025-08-03 10:00,0.029167783203451276
2025-08-03 11:00,0.08205502329043857
2025-08-03 12:00,1.0304759588281427
2025-08-03 13:00,1.9369086170118806
2025-08-03 14:00,1.5418600473651098
2025-08-03 15:00,2.3677666052542516
2025-08-03 16:00,3.0104608420863723
2025-08-03 17:00,2.196718068774961
2025-08-03 18:00,3.0054146770897883
2025-08-03 19:00,3.7063383648063386
2025-08-03 20:00,11.57842025176202
2025-08-03 21:00,15.1571462467244
2025-08-03 22:00,15.454841703533365
2025-08-03 23:00,20.38505681091646
2025-08-04 00:00,33.60108234604655
2025-08-04 01:00,34.49484590463355
2025-08-04 02:00,32.36680616929043
2025-08-04 03:00,28.371728764092854
2025-08-04 04:00,30.85036686811867
2025-08-04 05:00,29.8427288784723
2025-08-04 06:00,24.868917227430693
2025-08-04 07:00,21.181347548179332
2025-08-04 08:00,18.749479811394608
2025-08-04 09:00,22.73454986425424
2025-08-04 10:00,19.22833183693521
2025-08-04 11:00,21.274308735118044
2025-08-04 12:00,19.663601632937898
2025-08-04 13:00,22.840773921406793
2025-08-04 14:00,22.808064811617907
2025-08-04 15:00,24.344885383827595
2025-08-04 16:00,24.55664232078783
2025-08-04 17:00,22.61932047553131
2025-08-04 18:00,22.561071877647862
2025-08-04 19:00,24.29768807507756
2025-08-04 20:00,24.34546071394226
2025-08-04 21:00,19.375894628284954
2025-08-04 22:00,14.882792026720198
2025-08-04 23:00,8.771786645868909
2025-08-05 00:00,1.4157589225354275
2025-08-05 01:00,0.5074660462130774
2025-08-05 02:00,0.10792027402329164
2025-08-05 03:00,0.22990359677485053
2025-08-05 04:00,0.27777051594957497
2025-08-05 05:00,0.40600361008056335
2025-08-05 06:00,0.5983688928214073
2025-08-05 07:00,0.6791624416953808
2025-08-05 08:00,1.6012919553919698
2025-08-05 09:00,1.1922738941362367
2025-08-05 10:00,0.8943346786560576
2025-08-05 11:00,3.2954976129747857
2025-08-05 12:00,5.285577229510252
2025-08-05 13:00,5.974967776394944
2025-08-05 14:00,9.326658414897663
2025-08-05 15:00,14.632521328869109
2025-08-05 16:00,19.46719154419565
2025-08-05 17:00,23.355363911264597
2025-08-05 18:00,25.124651098134272
2025-08-05 19:00,29.216309553229024
2025-08-05 20:00,32.14812406125094
2025-08-05 21:00,32.432989758724204
2025-08-05 22:00,32.1460584877894
2025-08-05 23:00,30.96606346393543
2025-08-06 00:00,33.122620981661775
2025-08-06 01:00,31.938014121364507
2025-08-06 02:00,31.422596621331373
2025-08-06 03:00,30.25772884403836
2025-08-06 04:00,30.909963006832093
2025-08-06 05:00,28.37279563396129
2025-08-06 06:00,27.713154893498768
2025-08-06 07:00,29.153367297368018
2025-08-06 08:00,27.643993988617453
2025-08-06 09:00,23.724571743633575
2025-08-06 10:00,22.718558783274275
2025-08-06 11:00,29.006878037033538
2025-08-06 12:00,29.36978468980913
2025-08-06 13:00,31.481947153293923
2025-08-06 14:00,31.533757314555174
2025-08-06 15:00,27.500132527667663
2025-08-06 16:00,25.04085783457353
2025-08-06 17:00,19.621293523906317
2025-08-06 18:00,19.579386433239016
2025-08-06 19:00,16.290900412507597
2025-08-06 20:00,14.598119266638523
2025-08-06 21:00,12.21155154750475
2025-08-06 22:00,10.23350636657306
2025-08-06 23:00,6.4636355043435705
2025-08-07 00:00,6.088162976347295
2025-08-07 01:00,3.4271704551667668
2025-08-07 02:00,1.5046732564099903
2025-08-07 03:00,0.8667185996401241
2025-08-07 04:00,0.4779982226907974
2025-08-07 05:00,0.1848435602217213
2025-08-07 06:00,0.2054966321746282
2025-08-07 07:00,0.6244538796266708
2025-08-07 08:00,1.6315556852761808
2025-08-07 09:00,2.2601151612405452
2025-08-07 10:00,3.206186326075729
2025-08-07 11:00,3.5718470127497977
2025-08-07 12:00,4.843825666999095
2025-08-07 13:00,5.140302512547539
2025-08-07 14:00,5.950395968401079
2025-08-07 15:00,6.454323852900071
2025-08-07 16:00,7.478475915585053
2025-08-07 17:00,5.632661624992879
2025-08-07 18:00,4.849314965386156
2025-08-07 19:00,3.2076922972933755
2025-08-07 20:00,1.744734303119675
2025-08-07 21:00,0.7935390906324322
2025-08-07 22:00,0.2088971612695423
2025-08-07 23:00,0.12843426881168507
2025-08-08 00:00,0.3344802670701576
2025-08-08 01:00,0.44771904194523854
2025-08-08 02:00,0.4240665244024976
2025-08-08 03:00,0.14766274326619946
2025-08-08 04:00,0.1294623874778184
2025-08-08 05:00,0.08607391985775295
2025-08-08 06:00,0.06857071641192095
2025-08-08 07:00,0.0570158498937821
2025-08-08 08:00,0.0155581349668047
2025-08-08 09:00,0.00664824690602395
2025-08-08 10:00,0.0421707155145315
2025-08-08 11:00,0.03366913328768017
2025-08-08 12:00,0.03468416372644353
2025-08-08 13:00,0.2852659108460246
2025-08-08 14:00,0.5593287435235105
2025-08-08 15:00,1.2002009086194585
2025-08-08 16:00,0.8909685782910484
2025-08-08 17:00,0.4632966919678051
2025-08-08 18:00,0.19222102478685388
2025-08-08 19:00,0.13134044150341775
2025-08-08 20:00,0.00163705803919035
2025-08-08 21:00,0.07328048954733365
2025-08-08 22:00,0.026704977151490564
2025-08-08 23:00,0.052243091404606826
2025-08-09 00:00,0.11599243746334974
2025-08-09 01:00,0.06281071783156028
2025-08-09 02:00,0.19065420669884486
2025-08-09 03:00,0.2807364103870861
2025-08-09 04:00,0.5191785020837036
2025-08-09 05:00,0.8385731747226957
2025-08-09 06:00,0.9821260324031782
2025-08-09 07:00,0.7631097855718516
2025-08-09 08:00,0.93156106807519
2025-08-09 09:00,1.718461973724935
2025-08-09 10:00,2.1786352202051336
2025-08-09 11:00,4.001677822599518
2025-08-09 12:00,4.739859869701086
2025-08-09 13:00,6.227523199923949
2025-08-09 14:00,8.164035174432712
2025-08-09 15:00,12.097048374391068
2025-08-09 16:00,14.629441363943947
2025-08-09 17:00,20.23616271785776
2025-08-09 18:00,22.65083696873956
2025-08-09 19:00,19.06720115435926
2025-08-09 20:00,19.97306139355205
2025-08-09 21:00,18.180199483042095
2025-08-09 22:00,19.67513488522082
2025-08-09 23:00,13.71289015945856
2025-08-10 00:00,12.075357598773197
2025-08-10 01:00,11.657237217667458
2025-08-10 02:00,13.866296191697156
2025-08-10 03:00,22.357014211031643
2025-08-10 04:00,20.548265236459066
2025-08-10 05:00,23.1276384234458
2025-08-10 06:00,17.290046499944598
2025-08-10 07:00,19.270339322666434
2025-08-10 08:00,16.849747030492964
2025-08-10 09:00,22.618015998772975
2025-08-10 10:00,27.64598863722724
2025-08-10 11:00,24.489446723189197
2025-08-10 12:00,22.661162247152056
2025-08-10 13:00,14.38754018766244
2025-08-10 14:00,12.683941415901895
2025-08-10 15:00,10.462728462201085
2025-08-10 16:00,10.434076508981898
2025-08-10 17:00,10.93407621813053
2025-08-10 18:00,9.576057664777013
2025-08-10 19:00,8.84882176030003
2025-08-10 20:00,3.2712546025643197
2025-08-10 21:00,3.6597547733919082
2025-08-10 22:00,1.1547584107032054
2025-08-10 23:00,0.2686312116509053
2025-08-11 00:00,0.08878851313054224
2025-08-11 01:00,0.09673206898337965
2025-08-11 02:00,0.07253651286660781
2025-08-11 03:00,0.1847744599429953
2025-08-11 04:00,0.08368034459180634
2025-08-11 05:00,0.1294783542672863
2025-08-11 06:00,0.15655368616068963
2025-08-11 07:00,0.287867304954951
2025-08-11 08:00,0.18762473501183474
2025-08-11 09:00,0.10181318891112698
2025-08-11 10:00,0.3357202233087153
2025-08-11 11:00,0.621414789957742
2025-08-11 12:00,2.901877050365175
2025-08-11 13:00,3.407756438782497
2025-08-11 14:00,2.719005573147514
2025-08-11 15:00,5.603113270981996
2025-08-11 16:00,6.748898442026542
2025-08-11 17:00,5.0505404272546865
2025-08-11 18:00,2.8144018379715403
2025-08-11 19:00,3.339075138903045
2025-08-11 20:00,1.9243716579831374
2025-08-11 21:00,1.6009849558657678
2025-08-11 22:00,2.352807509795616
2025-08-11 23:00,1.5603116449453904
2025-08-12 00:00,0.5796333896873003
2025-08-12 01:00,0.225305578876473
2025-08-12 02:00,0.2425591455677881
2025-08-12 03:00,0.2764636491868231
2025-08-12 04:00,0.33869152470295605
2025-08-12 05:00,0.2989418431236026
2025-08-12 06:00,0.20901580652569474
2025-08-12 07:00,0.4571999389603074
2025-08-12 08:00,0.3365584198304088
2025-08-12 09:00,0.5514114519040764
2025-08-12 10:00,0.644898962280904
2025-08-12 11:00,2.800624231119408
2025-08-12 12:00,2.8343883446306513
2025-08-12 13:00,2.924684067139193
2025-08-12 14:00,4.562105244119741
2025-08-12 15:00,7.0378983119141445
2025-08-12 16:00,6.724465208317152
2025-08-12 17:00,9.835731887271482
2025-08-12 18:00,10.787225063813032
2025-08-12 19:00,18.983867069726667
2025-08-12 20:00,19.130336924319742
2025-08-12 21:00,23.771252217150682
2025-08-12 22:00,25.760591195663352
2025-08-12 23:00,28.976462827692494
2025-08-13 00:00,28.724003858810462
2025-08-13 01:00,27.623138199936243
2025-08-13 02:00,32.722157254118244
2025-08-13 03:00,34.21552428683643
2025-08-13 04:00,35.61020258348763
2025-08-13 05:00,39.374170008622755
2025-08-13 06:00,41.95182624104891
2025-08-13 07:00,40.5467145076106
2025-08-13 08:00,40.36837101018945
2025-08-13 09:00,39.17289939189875
2025-08-13 10:00,38.68068622663728
2025-08-13 11:00,38.97247768228948
2025-08-13 12:00,38.473063620329704
2025-08-13 13:00,38.354441574855045
2025-08-13 14:00,37.673076679819985
2025-08-13 15:00,35.25996274388194
2025-08-13 16:00,33.94538473242356
2025-08-13 17:00,34.722179363787816
2025-08-13 18:00,33.864861143926575
2025-08-13 19:00,31.882587189203814
2025-08-13 20:00,30.01338048506736
2025-08-13 21:00,28.50867999336181
2025-08-13 22:00,25.47584667832483
2025-08-13 23:00,19.440521709874087
2025-08-14 00:00,20.61329974393385
2025-08-14 01:00,18.73024686480768
2025-08-14 02:00,17.427245111750928
2025-08-14 03:00,16.653747951823085
2025-08-14 04:00,16.391662389057274
2025-08-14 05:00,15.999522497136383
2025-08-14 06:00,12.640146532118825
2025-08-14 07:00,12.852342556183796
2025-08-14 08:00,15.290744937508542
2025-08-14 09:00,12.977006228300484
2025-08-14 10:00,11.318012512204609
2025-08-14 11:00,10.262607745147381
2025-08-14 12:00,10.036452942624742
2025-08-14 13:00,9.120247209101748
2025-08-14 14:00,8.741458963091207
2025-08-14 15:00,9.84741105088031
2025-08-14 16:00,11.116222793549595
2025-08-14 17:00,11.164844827945362
2025-08-14 18:00,10.309520089825835
2025-08-14 19:00,6.764303044236511
2025-08-14 20:00,4.098494835029667
2025-08-14 21:00,1.8839705183271263
2025-08-14 22:00,1.0633716001239064
2025-08-14 23:00,0.7038535452890426
2025-08-15 00:00,0.20009597481718883
2025-08-15 01:00,0.05285601998389282
2025-08-15 02:00,0.0414350342528264
2025-08-15 03:00,0.04748832957219319
2025-08-15 04:00,0.101333539418957
2025-08-15 05:00,0.2758801882726367
2025-08-15 06:00,0.24940654936675208
2025-08-15 07:00,0.3215175620754305
2025-08-15 08:00,0.20262475556428283
2025-08-15 09:00,0.06172596607429072
2025-08-15 10:00,0.24496519273507222
2025-08-15 11:00,0.5361956134256738
2025-08-15 12:00,1.2361395928727195
2025-08-15 13:00,1.6555151001860926
2025-08-15 14:00,1.7101068813189584
2025-08-15 15:00,2.0106466189018133
2025-08-15 16:00,1.9337122990679783
2025-08-15 17:00,1.6383598615443673
2025-08-15 18:00,1.1044170567028762
2025-08-15 19:00,0.2629365316291633
2025-08-15 20:00,0.01478197326299475
2025-08-15 21:00,0.02585819390974875
2025-08-15 22:00,0.0006675181451894
2025-08-15 23:00,0.0408735483221176
2025-08-16 00:00,0.0265683631481255
2025-08-16 01:00,0.08397039395095905
2025-08-16 02:00,0.0572734814214078
2025-08-16 03:00,0.0136615598962759
2025-08-16 04:00,0.0569289392647807
2025-08-16 05:00,0.04884716765672195
2025-08-16 06:00,0.03748592791447216
2025-08-16 07:00,0.07048728576007642
2025-08-16 08:00,0.1778465082590268
2025-08-16 09:00,0.0534617468799684
2025-08-16 10:00,0.0
2025-08-16 11:00,0.031333876893966085
2025-08-16 12:00,0.35267533174069604
2025-08-16 13:00,0.8791578366245657
2025-08-16 14:00,1.3602216790283947
2025-08-16 15:00,2.456717428919376
2025-08-16 16:00,1.9595954918597966
2025-08-16 17:00,1.2893091118358875
2025-08-16 18:00,0.9255888019219888
2025-08-16 19:00,0.6816298816173064
2025-08-16 20:00,0.08349833815307607
2025-08-16 21:00,0.10077579977871588
2025-08-16 22:00,0.12912894068401645
2025-08-16 23:00,0.3798410615954091
2025-08-17 00:00,0.24592244158233245
2025-08-17 01:00,0.3556173548692004
2025-08-17 02:00,0.3534366251446868
2025-08-17 03:00,0.22261613870327732
2025-08-17 04:00,0.27753706072514484
2025-08-17 05:00,0.3160457774375291
2025-08-17 06:00,0.5454360481288079
2025-08-17 07:00,0.40571429577546303
2025-08-17 08:00,0.21103293745339313
2025-08-17 09:00,0.04012825169677485
2025-08-17 10:00,0.05242264114339365
2025-08-17 11:00,0.0
2025-08-17 12:00,0.1516727169642364
2025-08-17 13:00,0.4747380825955313
2025-08-17 14:00,0.7398630520088278
2025-08-17 15:00,1.714088875797588
2025-08-17 16:00,1.8584949400150261
2025-08-17 17:00,1.2590470729489118
2025-08-17 18:00,1.5540777726836597
2025-08-17 19:00,0.40363230926397003
2025-08-17 20:00,0.3446184094310189
2025-08-17 21:00,0.3345121613585773
2025-08-17 22:00,0.08150382557776596
2025-08-17 23:00,0.04114053060002323
2025-08-18 00:00,0.015189430523226024
2025-08-18 01:00,0.0673954108556328
2025-08-18 02:00,0.18669405976710504
2025-08-18 03:00,0.6888429595211015
2025-08-18 04:00,0.20450638882846667
2025-08-18 05:00,0.23992917905798955
2025-08-18 06:00,0.4978324971473173
2025-08-18 07:00,0.3645821360489342
2025-08-18 08:00,0.33536324171092746
2025-08-18 09:00,0.2883599816482084
2025-08-18 10:00,0.34132289511246916
2025-08-18 11:00,0.6099085805344266
2025-08-18 12:00,0.35560234852548045
2025-08-18 13:00,0.6413684350129363
2025-08-18 14:00,0.9806986662772861
2025-08-18 15:00,1.7357790462195877
2025-08-18 16:00,2.3057584422465505
2025-08-18 17:00,2.572603828639075
2025-08-18 18:00,1.6229604581270212
2025-08-18 19:00,1.277548471061868
2025-08-18 20:00,0.36133732250377093
2025-08-18 21:00,0.1258600479279612
2025-08-18 22:00,0.24418159382497268
2025-08-18 23:00,0.9074580141123263
2025-08-19 00:00,0.5593515153005894
2025-08-19 01:00,2.533462620423885
2025-08-19 02:00,2.964268259706157
2025-08-19 03:00,2.5418577916081295
2025-08-19 04:00,2.2407045267737167
2025-08-19 05:00,3.5021698849561673
2025-08-19 06:00,3.4746654412791456
2025-08-19 07:00,4.540211917512741
2025-08-19 08:00,5.2844127770539835
2025-08-19 09:00,6.416059980420043
2025-08-19 10:00,6.369009035537401
2025-08-19 11:00,6.656859882720605
2025-08-19 12:00,7.054161814644196
2025-08-19 13:00,7.268328510220627
2025-08-19 14:00,7.746989385596978
2025-08-19 15:00,7.661693895591359
2025-08-19 16:00,7.358578394099052
2025-08-19 17:00,6.546335742855037
2025-08-19 18:00,6.717642171255072
2025-08-19 19:00,4.88499571167318
2025-08-19 20:00,2.9797497752502107
2025-08-19 21:00,1.8427273863587805
2025-08-19 22:00,1.348956443438451
2025-08-19 23:00,0.8261626516630209
2025-08-20 00:00,0.7670205880313332
2025-08-20 01:00,1.0817953204584254
2025-08-20 02:00,0.7573013349671055
2025-08-20 03:00,0.9222503301141467
2025-08-20 04:00,1.8493624627860756
2025-08-20 05:00,1.5735700115839801
2025-08-20 06:00,3.250270859648662
2025-08-20 07:00,3.9291497678554403
2025-08-20 08:00,3.41700916476046
2025-08-20 09:00,3.6153531290581125
2025-08-20 10:00,3.3292606157845537
2025-08-20 11:00,3.549568738797435
2025-08-20 12:00,5.3797310510527945
2025-08-20 13:00,5.607689063847136
2025-08-20 14:00,5.4523142531986295
2025-08-20 15:00,6.3411610029721635
2025-08-20 16:00,6.0537986141264994
2025-08-20 17:00,3.5645005750300056
2025-08-20 18:00,2.7093518861980845
2025-08-20 19:00,0.8703122600993167
2025-08-20 20:00,0.05921670337848862
2025-08-20 21:00,0.05726140029450306
2025-08-20 22:00,0.11838570074900664
2025-08-20 23:00,0.05854293270330074
2025-08-21 00:00,0.05630968377165474
2025-08-21 01:00,0.0242513596990104
2025-08-21 02:00,0.2687885866082929
2025-08-21 03:00,0.38244174899972644
2025-08-21 04:00,0.2093830218242701
2025-08-21 05:00,0.05159674582454805
2025-08-21 06:00,0.1633141159718875
2025-08-21 07:00,0.13916081359166058
2025-08-21 08:00,0.0214763024127358
2025-08-21 09:00,0.20002035346858532
2025-08-21 10:00,0.23143397619320294
2025-08-21 11:00,0.05833879735682369
2025-08-21 12:00,0.009609866002512303
2025-08-21 13:00,0.08563937292882207
2025-08-21 14:00,0.8953512153778456
2025-08-21 15:00,1.5179905770889524
2025-08-21 16:00,1.7305145837606493
2025-08-21 17:00,1.3933257358520903
2025-08-21 18:00,0.8764787220630912
2025-08-21 19:00,0.6692233995626524
2025-08-21 20:00,0.41854263964862215
2025-08-21 21:00,0.20784526978878912
2025-08-21 22:00,0.03868792764554531
2025-08-21 23:00,0.08540219610801734
2025-08-22 00:00,0.0765652724464253
2025-08-22 01:00,0.09456280666416472
2025-08-22 02:00,0.07639398477102471
2025-08-22 03:00,0.10460416708241961
2025-08-22 04:00,0.10775333595047122
2025-08-22 05:00,0.14637970247397236
2025-08-22 06:00,0.036081961163665945
2025-08-22 07:00,0.04091109482885892
2025-08-22 08:00,0.135720977748372
2025-08-22 09:00,0.044441447976778875
2025-08-22 10:00,0.0375233507855025
2025-08-22 11:00,0.07743652533341491
2025-08-22 12:00,0.5190235071655693
2025-08-22 13:00,0.7297529528336797
2025-08-22 14:00,0.7693903160412792
2025-08-22 15:00,1.178184554447814
2025-08-22 16:00,1.0864972778285624
2025-08-22 17:00,1.0890882831923858
2025-08-22 18:00,0.8066646690153451
2025-08-22 19:00,0.3416812416403643
2025-08-22 20:00,0.06998330621279164
2025-08-22 21:00,0.07801901505327384
2025-08-22 22:00,0.15402874699869584
2025-08-22 23:00,0.05272432428071874
2025-08-23 00:00,0.0724332614078946
2025-08-23 01:00,0.047484298508360376
2025-08-23 02:00,0.07083052898998185
2025-08-23 03:00,0.08351241679530452
2025-08-23 04:00,0.09265955059242348
2025-08-23 05:00,0.14776688134567617
2025-08-23 06:00,0.13090550051732866
2025-08-23 07:00,0.04949276633612587
2025-08-23 08:00,0.01129823531852
2025-08-23 09:00,0.0192414436230322
2025-08-23 10:00,0.1519455266722058
2025-08-23 11:00,0.020846547331581144
2025-08-23 12:00,0.007291272024069983
2025-08-23 13:00,0.01248076427746656
2025-08-23 14:00,0.42686064316646705
2025-08-23 15:00,0.9862249195124693
2025-08-23 16:00,0.9102239174361417
2025-08-23 17:00,0.8350893030003226
2025-08-23 18:00,0.763229723640951
2025-08-23 19:00,0.23324178064017045
2025-08-23 20:00,0.12766403465245635
2025-08-23 21:00,0.03745911783831104
2025-08-23 22:00,0.03858515663109911
2025-08-23 23:00,0.03361153519363398
2025-08-24 00:00,0.037919954628557864
2025-08-24 01:00,0.01094824841482215
2025-08-24 02:00,0.0053896784527831
2025-08-24 03:00,0.09349574732764317
2025-08-24 04:00,0.0330588437882448
2025-08-24 05:00,0.08664170404748933
2025-08-24 06:00,0.23467941600004802
2025-08-24 07:00,0.05769174734284033
2025-08-24 08:00,0.2433549013438596
2025-08-24 09:00,0.2849463385599419
2025-08-24 10:00,0.13439037527059167
2025-08-24 11:00,0.5190424981947673
2025-08-24 12:00,0.8052535746825569
2025-08-24 13:00,2.3030209816043308
2025-08-24 14:00,2.2318469073274176
2025-08-24 15:00,2.546058895134076
2025-08-24 16:00,1.7526908442575158
2025-08-24 17:00,1.5458700897875852
2025-08-24 18:00,1.3195227599307697
2025-08-24 19:00,0.3774607019192028
2025-08-24 20:00,0.18015750454134052
2025-08-24 21:00,0.13505016059931732
2025-08-24 22:00,0.29605443999121006
2025-08-24 23:00,0.21525138257488613
2025-08-25 00:00,0.4161785416897495
2025-08-25 01:00,0.29119315764864856
2025-08-25 02:00,0.3189538664300532
2025-08-25 03:00,0.2576444681868687
2025-08-25 04:00,0.47673280700895593
2025-08-25 05:00,0.8574734944987032
2025-08-25 06:00,1.2600715126011433
2025-08-25 07:00,2.181435578786134
2025-08-25 08:00,3.533093534215384
2025-08-25 09:00,5.087959809666823
2025-08-25 10:00,4.34259732216626
2025-08-25 11:00,4.221136760841981
2025-08-25 12:00,6.378569179949578
2025-08-25 13:00,8.798393497478557
2025-08-25 14:00,9.125045794941204
2025-08-25 15:00,9.619030292509063
2025-08-25 16:00,12.084264336166388
2025-08-25 17:00,18.723737522695536
2025-08-25 18:00,24.126028200469143
2025-08-25 19:00,24.014534447000365
2025-08-25 20:00,27.259480784517248
2025-08-25 21:00,30.212059704538543
2025-08-25 22:00,30.698859582429726
2025-08-25 23:00,28.228113400335317
2025-08-26 00:00,29.461231331954636
2025-08-26 01:00,31.89054626243051
2025-08-26 02:00,35.10949179541339
2025-08-26 03:00,35.73823938099661
2025-08-26 04:00,33.500165526297
2025-08-26 05:00,33.78647460088367
2025-08-26 06:00,33.154716353601636
2025-08-26 07:00,25.10412780351329
2025-08-26 08:00,21.19168607254099
2025-08-26 09:00,17.085757189762997
2025-08-26 10:00,15.560672018701268
2025-08-26 11:00,17.260081214452516
2025-08-26 12:00,13.067545250792815
2025-08-26 13:00,6.718294018224331
2025-08-26 14:00,4.100520021548639
2025-08-26 15:00,3.2071066111249866
2025-08-26 16:00,2.2261841817415124
2025-08-26 17:00,2.3763843002876524
2025-08-26 18:00,1.8390926251943864
2025-08-26 19:00,1.0914489234007152
2025-08-26 20:00,1.290853381128407
2025-08-26 21:00,0.5115223971722886
2025-08-26 22:00,0.48282347029763534
2025-08-26 23:00,0.4085622819498202
2025-08-27 00:00,0.16795378890644597
2025-08-27 01:00,0.3247853474025877
2025-08-27 02:00,0.3726495712835604
2025-08-27 03:00,0.33736453091305385
2025-08-27 04:00,0.2334385451511411
2025-08-27 05:00,0.14304349189424956
2025-08-27 06:00,0.23485564507920412
2025-08-27 07:00,0.12291934651105303
2025-08-27 08:00,0.02152079895722845
2025-08-27 09:00,0.1306120174556872
2025-08-27 10:00,0.0254056243415863
2025-08-27 11:00,0.00786197233868955
2025-08-27 12:00,0.2856252719124121
2025-08-27 13:00,0.4723542829352888
2025-08-27 14:00,0.6838863642110888
2025-08-27 15:00,1.4284351210970883
2025-08-27 16:00,1.156829247922057
2025-08-27 17:00,0.986824218179212
2025-08-27 18:00,0.6388884732000246
2025-08-27 19:00,0.4359019792208536
2025-08-27 20:00,0.3183977782650715
2025-08-27 21:00,0.05939807961976476
2025-08-27 22:00,0.3945211461449052
2025-08-27 23:00,0.20359706374476622
2025-08-28 00:00,0.08902101231450095
2025-08-28 01:00,0.20668476252984389
2025-08-28 02:00,0.8929939215230087
2025-08-28 03:00,2.6654266553163986
2025-08-28 04:00,3.970991018417452
2025-08-28 05:00,4.414014131580489
2025-08-28 06:00,6.543829198467341
2025-08-28 07:00,7.079702771244449
2025-08-28 08:00,5.231039234908609
2025-08-28 09:00,9.67571773842252
2025-08-28 10:00,11.35598404564059
2025-08-28 11:00,13.146131668138933
2025-08-28 12:00,13.002279321155195
2025-08-28 13:00,10.547669421339043
2025-08-28 14:00,9.175283087010637
2025-08-28 15:00,8.585153451223611
2025-08-28 16:00,10.990337283118649
2025-08-28 17:00,11.879701708451403
2025-08-28 18:00,10.81350463895668
2025-08-28 19:00,9.877323408480862
2025-08-28 20:00,9.595753492184159
2025-08-28 21:00,7.958097264085712
2025-08-28 22:00,7.305584781418787
2025-08-28 23:00,6.477735468847641
2025-08-29 00:00,6.3990735110777015
2025-08-29 01:00,6.46831474389432
2025-08-29 02:00,6.929148424343676
2025-08-29 03:00,6.231178789724053
2025-08-29 04:00,5.968958104091234
2025-08-29 05:00,6.054131633730568
2025-08-29 06:00,6.553690428910208
2025-08-29 07:00,5.516789586487626
2025-08-29 08:00,6.099733733522726
2025-08-29 09:00,6.477528362136475
2025-08-29 10:00,6.632297063144742
2025-08-29 11:00,6.0822361867988715
2025-08-29 12:00,4.935635005721508
2025-08-29 13:00,4.7379911802820605
2025-08-29 14:00,4.473550363982446
2025-08-29 15:00,5.436603969083055
2025-08-29 16:00,4.809442662789582
2025-08-29 17:00,4.719950531070228
2025-08-29 18:00,2.395675539517473
2025-08-29 19:00,0.9363265675804828
2025-08-29 20:00,0.30320440070731686
2025-08-29 21:00,0.27706719911834665
2025-08-29 22:00,0.5470804122909176
2025-08-29 23:00,0.49975638591213045
2025-08-30 00:00,0.16746074253774443
2025-08-30 01:00,0.4777635131459651
2025-08-30 02:00,0.49193305106138985
2025-08-30 03:00,0.7984281927155167
2025-08-30 04:00,0.678720531780828
2025-08-30 05:00,0.6966254135498868
2025-08-30 06:00,0.8777021937182219
2025-08-30 07:00,0.7107260499005525
2025-08-30 08:00,0.4870080384654918
2025-08-30 09:00,0.41809857752381613
2025-08-30 10:00,0.3980709040990345
2025-08-30 11:00,0.46588913047531655
2025-08-30 12:00,0.42379541168650864
2025-08-30 13:00,0.9335628513574741
2025-08-30 14:00,1.8355222941492872
2025-08-30 15:00,1.7931245951591528
2025-08-30 16:00,1.4161787857770611
2025-08-30 17:00,0.9468281471829852
2025-08-30 18:00,0.5179025547334091
2025-08-30 19:00,0.0021880124814948484
2025-08-30 20:00,0.0184808068586776
2025-08-30 21:00,0.010213443453983465
2025-08-30 22:00,0.014642247133147348
2025-08-30 23:00,0.06154753849572674
2025-08-31 00:00,0.02211050786692658
2025-08-31 01:00,0.10064806561935968
2025-08-31 02:00,0.11037153902581474
2025-08-31 03:00,0.14671713395067193
2025-08-31 04:00,0.18265362969614282
2025-08-31 05:00,0.15247085931248686
2025-08-31 06:00,0.6331845799827347
2025-08-31 07:00,2.0153942799180946
2025-08-31 08:00,1.9945306770217885
2025-08-31 09:00,2.7802037636222057
2025-08-31 10:00,2.024942036329672
2025-08-31 11:00,2.339407990911763
2025-08-31 12:00,6.113999305552603
2025-08-31 13:00,7.810303208291915
2025-08-31 14:00,10.514396558809075
2025-08-31 15:00,12.490564113264478
2025-08-31 16:00,16.215817612607985
2025-08-31 17:00,18.825252806733918
2025-08-31 18:00,17.822291162977198
2025-08-31 19:00,19.42879544416914
2025-08-31 20:00,17.436354428179413
2025-08-31 21:00,17.69719162983258
2025-08-31 22:00,12.178980756987457
2025-08-31 23:00,10.939149914213335
2025-09-01 00:00,11.34436841994767
2025-09-01 01:00,10.932518813725771
2025-09-01 02:00,14.00761635466232
2025-09-01 03:00,14.457500660498699
2025-09-01 04:00,15.58452036074305
2025-09-01 05:00,18.751531791538405
2025-09-01 06:00,21.473556307447325
2025-09-01 07:00,27.946253769098618
2025-09-01 08:00,25.373587500498225
2025-09-01 09:00,25.926866298066166
2025-09-01 10:00,27.874169375255693
2025-09-01 11:00,25.78270335879769
2025-09-01 12:00,25.758696513060716
2025-09-01 13:00,26.46436113404596
2025-09-01 14:00,30.081761776045624
2025-09-01 15:00,26.263060254117214
2025-09-01 16:00,25.75496613141665
2025-09-01 17:00,22.76780482589423
2025-09-01 18:00,19.929689703113837
2025-09-01 19:00,13.812083131107764
2025-09-01 20:00,11.612215409706618
2025-09-01 21:00,7.200957705385814
2025-09-01 22:00,3.1143465895869684
2025-09-01 23:00,0.926000303054512
2025-09-02 00:00,0.30736171056443967
2025-09-02 01:00,0.1708576921568269
2025-09-02 02:00,0.1315521655806565
2025-09-02 03:00,0.12264070112539657
2025-09-02 04:00,0.37787252692001705
2025-09-02 05:00,0.5532520568553324
2025-09-02 06:00,0.5014432874819075
2025-09-02 07:00,0.136706039663192
2025-09-02 08:00,0.12347039626224941
2025-09-02 09:00,0.2110315545169268
2025-09-02 10:00,0.15093304320154335
2025-09-02 11:00,0.049086193306134895
2025-09-02 12:00,0.21090789045672648
2025-09-02 13:00,0.8247207047860884
2025-09-02 14:00,1.5980145194543132
2025-09-02 15:00,2.1137157535221256
2025-09-02 16:00,1.919329015675673
2025-09-02 17:00,1.8503072079547103
2025-09-02 18:00,1.3137247440401598
2025-09-02 19:00,0.9924283765358651
2025-09-02 20:00,0.6534319991156481
2025-09-02 21:00,0.6750941920584063
2025-09-02 22:00,0.30470739660840834
2025-09-02 23:00,0.5032570348188146
2025-09-03 00:00,0.18998188775510946
2025-09-03 01:00,0.09305701851801905
2025-09-03 02:00,0.0972046473744301
2025-09-03 03:00,0.07650226117182785
2025-09-03 04:00,0.16040687036042695
2025-09-03 05:00,0.11231373141165231
2025-09-03 06:00,0.3022020122048377
2025-09-03 07:00,0.0879199768064526
2025-09-03 08:00,0.1087849373042374
2025-09-03 09:00,0.07105915809931616
2025-09-03 10:00,0.0404811848423356
2025-09-03 11:00,0.011638070179896369
2025-09-03 12:00,0.42106707604379734
2025-09-03 13:00,0.08472433924337344
2025-09-03 14:00,0.13037558250244913
2025-09-03 15:00,0.5030330798274985
2025-09-03 16:00,1.0315536494167659
2025-09-03 17:00,0.9342682517154753
2025-09-03 18:00,0.7090009382974976
2025-09-03 19:00,0.2802434152695932
2025-09-03 20:00,0.15245548614778756
2025-09-03 21:00,0.18347508683906905
2025-09-03 22:00,0.10237425276858472
2025-09-03 23:00,0.23699063703897785
2025-09-04 00:00,0.1151030424438003
2025-09-04 01:00,0.13936893346679682
2025-09-04 02:00,0.21216908741997614
2025-09-04 03:00,0.35345241265606664
2025-09-04 04:00,0.6360830031573583
2025-09-04 05:00,0.6455661604124929
2025-09-04 06:00,1.0159318817767722
2025-09-04 07:00,1.5328822870801233
2025-09-04 08:00,2.4093744511537087
2025-09-04 09:00,2.2147021567217897
2025-09-04 10:00,3.039650168011109
2025-09-04 11:00,2.8498150079679396
2025-09-04 12:00,3.2821369020454165
2025-09-04 13:00,4.078290354655566
2025-09-04 14:00,6.148524248708684
2025-09-04 15:00,7.6168253872575615
2025-09-04 16:00,7.682270362200445
2025-09-04 17:00,9.769933103953056
2025-09-04 18:00,8.35078620598081
2025-09-04 19:00,7.864693050757847
2025-09-04 20:00,8.482587981659693
2025-09-04 21:00,6.249937126787977
2025-09-04 22:00,3.6499060257341616
2025-09-04 23:00,2.3085256284326325
2025-09-05 00:00,0.6821730077198447
2025-09-05 01:00,0.19737937667931973
2025-09-05 02:00,0.18884892442126872
2025-09-05 03:00,0.3531362716395701
2025-09-05 04:00,0.6455515095846244
2025-09-05 05:00,1.2044085635987125
2025-09-05 06:00,0.38366715903760573
2025-09-05 07:00,0.3116949504227341
2025-09-05 08:00,0.26267988445559587
2025-09-05 09:00,0.2549715476061539
2025-09-05 10:00,0.13156197184688995
2025-09-05 11:00,0.08103470688568182
2025-09-05 12:00,0.1283289049245407
2025-09-05 13:00,0.27071757097691507
2025-09-05 14:00,1.076084347596498
2025-09-05 15:00,1.3153376190823667
2025-09-05 16:00,1.2951001454669724
2025-09-05 17:00,1.292097004870656
2025-09-05 18:00,0.7565161346623738
2025-09-05 19:00,0.7226305852817347
2025-09-05 20:00,1.1563668909905884
2025-09-05 21:00,0.8898124247774699
2025-09-05 22:00,1.8753345000652906
2025-09-05 23:00,2.036899771110852
2025-09-06 00:00,5.022436822827618
2025-09-06 01:00,8.658881733795948
2025-09-06 02:00,10.625105073975032
2025-09-06 03:00,14.114256562627961
2025-09-06 04:00,16.484805190335383
2025-09-06 05:00,18.691867791570758
2025-09-06 06:00,19.07797556078923
2025-09-06 07:00,24.104312851634262
2025-09-06 08:00,30.79184951770304
2025-09-06 09:00,32.374622417057395
2025-09-06 10:00,27.033164473925083
2025-09-06 11:00,26.587946585786206
2025-09-06 12:00,26.900434989840107
2025-09-06 13:00,27.916676837735913
2025-09-06 14:00,26.810964952619237
2025-09-06 15:00,29.0932538621607
2025-09-06 16:00,30.501425199045542
2025-09-06 17:00,28.48140855999061
2025-09-06 18:00,29.217258756532154
2025-09-06 19:00,29.063511827809187
2025-09-06 20:00,30.323004457211994
2025-09-06 21:00,33.08892559580613
2025-09-06 22:00,32.76995434955646
2025-09-06 23:00,31.918812538424525
2025-09-07 00:00,34.48521380055327
2025-09-07 01:00,29.74003691472128
2025-09-07 02:00,28.35929169507985
2025-09-07 03:00,22.54790584453852
2025-09-07 04:00,22.24391672702277
2025-09-07 05:00,16.216494731823012
2025-09-07 06:00,13.81184240420059
2025-09-07 07:00,7.970327042925383
2025-09-07 08:00,6.411293895585834
2025-09-07 09:00,6.2538315938720945
2025-09-07 10:00,3.7311268319585134
2025-09-07 11:00,2.4097771358420013
2025-09-07 12:00,1.8271799428199775
2025-09-07 13:00,1.6732736177485097
2025-09-07 14:00,1.4855824452077724
2025-09-07 15:00,1.771270013683158
2025-09-07 16:00,1.6281593606318383
2025-09-07 17:00,1.7800553961542658
2025-09-07 18:00,2.084448735519589
2025-09-07 19:00,2.394664399043333
2025-09-07 20:00,2.0447534792532087
2025-09-07 21:00,0.9172833677727541
2025-09-07 22:00,0.3006180561178369
2025-09-07 23:00,0.7942001487117514
2025-09-08 00:00,0.0409132634834867
2025-09-08 01:00,0.30070469109558307
2025-09-08 02:00,0.2241678223030236
2025-09-08 03:00,0.4293584481789632
2025-09-08 04:00,0.665071358356599
2025-09-08 05:00,0.8419322005321332
2025-09-08 06:00,0.8119674563066173
2025-09-08 07:00,0.4697547813789841
2025-09-08 08:00,0.6318151409090089
2025-09-08 09:00,0.27761881807849775
2025-09-08 10:00,0.11717519388751754
2025-09-08 11:00,0.06718183986295535
2025-09-08 12:00,0.03856157553244222
2025-09-08 13:00,0.0827373771608218
2025-09-08 14:00,0.5543255752903201
2025-09-08 15:00,0.1502443642343816
2025-09-08 16:00,0.05018440960293076
2025-09-08 17:00,0.07409979623355242
2025-09-08 18:00,0.22711009617887642
2025-09-08 19:00,0.5813133445574001
2025-09-08 20:00,0.27413813001979553
2025-09-08 21:00,0.670726102833
2025-09-08 22:00,0.7630579489536309
2025-09-08 23:00,0.8941943173747812
2025-09-09 00:00,1.9448282991777912
2025-09-09 01:00,2.690181028218496
2025-09-09 02:00,3.918766633817037
2025-09-09 03:00,4.862094961452671
2025-09-09 04:00,3.603105786239487
2025-09-09 05:00,5.172613477368639
2025-09-09 06:00,3.772883950516298
2025-09-09 07:00,3.4274003300060585
2025-09-09 08:00,3.004758838052033
2025-09-09 09:00,3.3756821412435074
2025-09-09 10:00,2.1507150828050126
2025-09-09 11:00,5.558455719526507
2025-09-09 12:00,6.240033326326708
2025-09-09 13:00,4.892490287794735
2025-09-09 14:00,5.000426732036471
2025-09-09 15:00,4.657530261869136
2025-09-09 16:00,5.635476727818012
2025-09-09 17:00,9.034592841629248
2025-09-09 18:00,3.583390459117023
2025-09-09 19:00,4.251436793889557
2025-09-09 20:00,2.532028146400636
2025-09-09 21:00,2.0262230214843036
2025-09-09 22:00,1.3076074095953698
2025-09-09 23:00,1.0224727587249722
2025-09-10 00:00,0.7644237464326391
2025-09-10 01:00,1.5490750564892894
2025-09-10 02:00,2.403390922544456
2025-09-10 03:00,3.56389322031034
2025-09-10 04:00,2.835863735327325
2025-09-10 05:00,4.586377543740548
2025-09-10 06:00,6.433975915713782
2025-09-10 07:00,5.178789959649378
2025-09-10 08:00,6.611433617451976
2025-09-10 09:00,6.8142633418171386
2025-09-10 10:00,7.275291119523064
2025-09-10 11:00,9.111003705764169
2025-09-10 12:00,8.596011756332189
2025-09-10 13:00,7.553109665926078
2025-09-10 14:00,7.011549567220859
2025-09-10 15:00,8.156430921407937
2025-09-10 16:00,9.794214709468722
2025-09-10 17:00,11.080718068359165
2025-09-10 18:00,10.069857380144512
2025-09-10 19:00,9.79167568284025
2025-09-10 20:00,9.373434155494067
2025-09-10 21:00,6.563505873543594
2025-09-10 22:00,3.6630489832203823
2025-09-10 23:00,3.295649773094631
2025-09-11 00:00,3.4267910419094454
2025-09-11 01:00,2.8982660415587174
2025-09-11 02:00,2.3816483999062905
2025-09-11 03:00,2.34471068504256
2025-09-11 04:00,2.310074719023712
2025-09-11 05:00,1.2808342046741898
2025-09-11 06:00,2.3346796279430837
2025-09-11 07:00,3.7122687769319853
2025-09-11 08:00,4.607363683369583
2025-09-11 09:00,4.649119634343727
2025-09-11 10:00,3.4688395912044423
2025-09-11 11:00,2.3830242415287772
2025-09-11 12:00,1.4251605240092384
2025-09-11 13:00,0.8508565271098925
2025-09-11 14:00,1.0618800890368758
2025-09-11 15:00,1.5388741875159107
2025-09-11 16:00,2.816892250675571
2025-09-11 17:00,2.963737456348228
2025-09-11 18:00,4.251551649866336
2025-09-11 19:00,4.995278730998029
2025-09-11 20:00,4.529987691120444
2025-09-11 21:00,4.743036761439762
2025-09-11 22:00,4.336699610675787
2025-09-11 23:00,3.910409394733266
2025-09-12 00:00,4.152198936651848
2025-09-12 01:00,4.767972999602289
2025-09-12 02:00,5.255977152504171
2025-09-12 03:00,4.539353415064998
2025-09-12 04:00,5.5893872452467726
2025-09-12 05:00,5.791207788706282
2025-09-12 06:00,7.046478272749637
2025-09-12 07:00,7.246302292423905
2025-09-12 08:00,6.433501002505018
2025-09-12 09:00,5.9764759204378795
2025-09-12 10:00,3.1153936646274145
2025-09-12 11:00,3.862830535310933
2025-09-12 12:00,4.973184802702123
2025-09-12 13:00,5.458067197220476
2025-09-12 14:00,4.7725090034244335
2025-09-12 15:00,6.322644716613733
2025-09-12 16:00,10.202030294135632
2025-09-12 17:00,8.88993185794975
2025-09-12 18:00,10.403236863954739
2025-09-12 19:00,13.236578555637719
2025-09-12 20:00,13.11584744428255
2025-09-12 21:00,22.477776749484086
2025-09-12 22:00,32.12039433383459
2025-09-12 23:00,35.53425133298522
2025-09-13 00:00,51.107539700483954
2025-09-13 01:00,53.76653251390974
2025-09-13 02:00,56.599114772596124
2025-09-13 03:00,47.978113138494116
2025-09-13 04:00,46.44974016980465
2025-09-13 05:00,40.939926242778014
2025-09-13 06:00,40.45719248751354
2025-09-13 07:00,39.98729205244944
2025-09-13 08:00,38.37355966000011
2025-09-13 09:00,37.256828977539996
2025-09-13 10:00,34.81602315498316
2025-09-13 11:00,34.86100496347464
2025-09-13 12:00,28.279767368420178
2025-09-13 13:00,20.806842898877914
2025-09-13 14:00,21.374983941284356
2025-09-13 15:00,10.162143258072451
2025-09-13 16:00,6.986776566290965
2025-09-13 17:00,5.32963030314748
2025-09-13 18:00,1.805946909359916
2025-09-13 19:00,0.9270627485694676
2025-09-13 20:00,0.22940967131761456
2025-09-13 21:00,0.16398078409420885
2025-09-13 22:00,0.023113444451969403
2025-09-13 23:00,0.06286887911688806
2025-09-14 00:00,0.09915192843188414
2025-09-14 01:00,0.08108351549567686
2025-09-14 02:00,0.2669572203162105
2025-09-14 03:00,0.2383778627484336
2025-09-14 04:00,0.5133922175600495
2025-09-14 05:00,0.33124266457483703
2025-09-14 06:00,0.7711869054446667
2025-09-14 07:00,0.4584614060652463
2025-09-14 08:00,0.29173848956735215
2025-09-14 09:00,0.05948940441860344
2025-09-14 10:00,0.004737370183367534
2025-09-14 11:00,0.0049982081673261595
2025-09-14 12:00,0.09174279050455081
2025-09-14 13:00,0.2611966802372429
2025-09-14 14:00,0.46307875838790236
2025-09-14 15:00,0.5273609808489769
2025-09-14 16:00,0.5652218568475869
2025-09-14 17:00,0.4589663359127436
2025-09-14 18:00,0.4103853658029861
2025-09-14 19:00,0.2597658555064198
2025-09-14 20:00,0.6794436161091687
2025-09-14 21:00,0.45231487015101635
2025-09-14 22:00,0.3013029787884667
2025-09-14 23:00,0.2848180540276708
2025-09-15 00:00,0.09625190377340172
2025-09-15 01:00,0.16718262120711896
2025-09-15 02:00,0.09799682724751957
2025-09-15 03:00,0.2632962380571311
2025-09-15 04:00,0.36216706029986423
2025-09-15 05:00,0.38618163289257956
2025-09-15 06:00,0.31312282795690677
2025-09-15 07:00,0.1586474444601143
2025-09-15 08:00,0.0731883188162726
2025-09-15 09:00,0.11797349741201629
2025-09-15 10:00,0.104159480367404
2025-09-15 11:00,0.07716001329061335
2025-09-15 12:00,0.054647871424901594
2025-09-15 13:00,0.0019080565588412116
2025-09-15 14:00,0.0009188155100127274
2025-09-15 15:00,0.00940654149518725
2025-09-15 16:00,0.009931499406075038
2025-09-15 17:00,0.08325933326694722
2025-09-15 18:00,0.13543318654128345
2025-09-15 19:00,0.16256501653097202
2025-09-15 20:00,0.11307355928331278
2025-09-15 21:00,0.13427877136357744
2025-09-15 22:00,0.12493772310710766
2025-09-15 23:00,0.1359658904556139
2025-09-16 00:00,0.06789649850270953
2025-09-16 01:00,0.08782814931723033
2025-09-16 02:00,0.10327040357056347
2025-09-16 03:00,0.17896443721520172
2025-09-16 04:00,0.20515858673475665
2025-09-16 05:00,0.13768100679908168
2025-09-16 06:00,0.107790496657594
2025-09-16 07:00,0.10346116407575741
2025-09-16 08:00,0.6797037674796818
2025-09-16 09:00,1.9683593053401465
2025-09-16 10:00,1.6391389551082112
2025-09-16 11:00,4.33266129159394
2025-09-16 12:00,6.2864782189579875
2025-09-16 13:00,8.499525117767725
2025-09-16 14:00,12.630814248122949
2025-09-16 15:00,12.42499505879082
2025-09-16 16:00,14.360589336278483
2025-09-16 17:00,20.75695721928971
2025-09-16 18:00,24.505013528201214
2025-09-16 19:00,28.333466931060954
2025-09-16 20:00,31.83100008404682
2025-09-16 21:00,29.353315151076796
2025-09-16 22:00,27.98653668532095
2025-09-16 23:00,28.633430573713902
2025-09-17 00:00,29.742989517608294
2025-09-17 01:00,25.75074109088979
2025-09-17 02:00,28.858295192296787
2025-09-17 03:00,27.57850823031419
2025-09-17 04:00,29.131238448420525
2025-09-17 05:00,30.715073060139225
2025-09-17 06:00,25.817339005558626
2025-09-17 07:00,23.257532000109038
2025-09-17 08:00,20.186107860751044
2025-09-17 09:00,22.444682620915522
2025-09-17 10:00,25.84224512960663
2025-09-17 11:00,28.49443182642432
2025-09-17 12:00,26.908158897287052
2025-09-17 13:00,25.28248732064661
2025-09-17 14:00,25.408891991894322
2025-09-17 15:00,25.79228445491477
2025-09-17 16:00,26.81941628942974
2025-09-17 17:00,28.339860051507266
2025-09-17 18:00,22.483427886286826
2025-09-17 19:00,24.011658867903613
2025-09-17 20:00,25.32800522182884
2025-09-17 21:00,20.934082892780324
2025-09-17 22:00,18.44485875726344
2025-09-17 23:00,15.540613127610627
2025-09-18 00:00,13.338628578832623
2025-09-18 01:00,15.038827142739041
2025-09-18 02:00,13.646525666507475
2025-09-18 03:00,16.04456576744147
2025-09-18 04:00,17.771391171869762
2025-09-18 05:00,15.553633606519748
2025-09-18 06:00,10.512557992986013
2025-09-18 07:00,7.612145582788919
2025-09-18 08:00,6.737097776727525
2025-09-18 09:00,5.1004819493334255
2025-09-18 10:00,3.874626246236761
2025-09-18 11:00,2.5099723045300144
2025-09-18 12:00,2.5758940674905846
2025-09-18 13:00,2.5377139217892797
2025-09-18 14:00,2.175675489224708
2025-09-18 15:00,2.443565038914894
2025-09-18 16:00,1.805743842084267
2025-09-18 17:00,1.2211377709922413
2025-09-18 18:00,0.8858974190158935
2025-09-18 19:00,0.6148196924076001
2025-09-18 20:00,0.3370296115906879
2025-09-18 21:00,0.3177162683417598
2025-09-18 22:00,0.7733916324731002
2025-09-18 23:00,1.2496736523270449
2025-09-19 00:00,1.4055913267304976
2025-09-19 01:00,1.8660624074924954
2025-09-19 02:00,1.623914545628278
2025-09-19 03:00,2.4063062208635864
2025-09-19 04:00,2.669058638061065
2025-09-19 05:00,4.619698920705586
2025-09-19 06:00,3.2985537926217217
2025-09-19 07:00,4.171605666482526
2025-09-19 08:00,5.856426055563773
2025-09-19 09:00,6.2566034150306695
2025-09-19 10:00,7.0342279693886685
2025-09-19 11:00,7.200234672033623
2025-09-19 12:00,8.098799816444624
2025-09-19 13:00,19.665975347299984
2025-09-19 14:00,19.137993701003857
2025-09-19 15:00,19.01875483276146
2025-09-19 16:00,23.70629004326965
2025-09-19 17:00,25.737079429402336
2025-09-19 18:00,28.077721925876226
2025-09-19 19:00,28.51827250418677
2025-09-19 20:00,31.977943857355733
2025-09-19 21:00,38.11320596973968
2025-09-19 22:00,42.81508312315308
2025-09-19 23:00,46.486738834863196
2025-09-20 00:00,48.225915155288696
2025-09-20 01:00,48.277640019623604
2025-09-20 02:00,45.8116498197455
2025-09-20 03:00,46.06356632130985
2025-09-20 04:00,45.04531424588171
2025-09-20 05:00,40.94558650618467
2025-09-20 06:00,40.08379276454229
2025-09-20 07:00,30.5267804273712
2025-09-20 08:00,26.763126900458992
2025-09-20 09:00,29.71468233790302
2025-09-20 10:00,26.993804102668193
2025-09-20 11:00,27.091544287846546
2025-09-20 12:00,26.688296826991184
2025-09-20 13:00,27.932312224219757
2025-09-20 14:00,29.506250602176113
2025-09-20 15:00,28.95750594621245
2025-09-20 16:00,37.84216283491616
2025-09-20 17:00,32.40862185164782
2025-09-20 18:00,34.71072268874758
2025-09-20 19:00,25.52302289057686
2025-09-20 20:00,26.246910048156465
2025-09-20 21:00,18.512953542514634
2025-09-20 22:00,9.701569226964274
2025-09-20 23:00,9.14724828255484
2025-09-21 00:00,6.5935059993410725
2025-09-21 01:00,4.33455224203286
2025-09-21 02:00,3.134033429906502
2025-09-21 03:00,2.028402909628155
2025-09-21 04:00,6.229183160521103
2025-09-21 05:00,6.415380120200128
2025-09-21 06:00,8.436983653488806
2025-09-21 07:00,9.068548760057269
2025-09-21 08:00,11.187716760185989
2025-09-21 09:00,12.186473591154607
2025-09-21 10:00,11.69482513454245
2025-09-21 11:00,10.806287190788264
2025-09-21 12:00,12.445573254991825
2025-09-21 13:00,13.299845373387418
2025-09-21 14:00,16.691617289746
2025-09-21 15:00,19.979033951673472
2025-09-21 16:00,21.216422491672063
2025-09-21 17:00,22.68203735953296
2025-09-21 18:00,19.968384587689314
2025-09-21 19:00,19.05160879117416
2025-09-21 20:00,15.606358695932466
2025-09-21 21:00,13.315029435554987
2025-09-21 22:00,9.565748438662366
2025-09-21 23:00,6.487909657552657
2025-09-22 00:00,6.195929070638135
2025-09-22 01:00,3.523967460029518
2025-09-22 02:00,5.527598273249077
2025-09-22 03:00,6.435987259056304
2025-09-22 04:00,6.1520793302121035
2025-09-22 05:00,6.629841757658376
2025-09-22 06:00,5.772408681876514
2025-09-22 07:00,5.215239310827762
2025-09-22 08:00,5.131597418467633
2025-09-22 09:00,3.7098967986105453
2025-09-22 10:00,3.6483148581780593
2025-09-22 11:00,2.2467002469498487
2025-09-22 12:00,1.6646616026021595
2025-09-22 13:00,1.6731393329091266
2025-09-22 14:00,1.3351520241228905
2025-09-22 15:00,3.2659761241220227
2025-09-22 16:00,4.9243102622394765
2025-09-22 17:00,6.855521557339767
2025-09-22 18:00,5.797153717470346
2025-09-22 19:00,5.824440985401976
2025-09-22 20:00,6.366258081035526
2025-09-22 21:00,4.913339706880226
2025-09-22 22:00,4.424583369865815
2025-09-22 23:00,4.566887658565713
2025-09-23 00:00,3.7192887805959636
2025-09-23 01:00,3.3995631457004323
2025-09-23 02:00,5.555446704293814
2025-09-23 03:00,5.453017469880532
2025-09-23 04:00,4.094596938265416
2025-09-23 05:00,3.0465750184538205
2025-09-23 06:00,1.5452149176067125
2025-09-23 07:00,1.946592593042548
2025-09-23 08:00,2.033579268911138
2025-09-23 09:00,2.670037288016953
2025-09-23 10:00,1.686798943025747
2025-09-23 11:00,2.1329796663909777
2025-09-23 12:00,1.593438358671606
2025-09-23 13:00,1.7016166088134432
2025-09-23 14:00,3.3627521539601153
2025-09-23 15:00,4.0671594190610145
2025-09-23 16:00,5.484952511451427
2025-09-23 17:00,7.665689787905521
2025-09-23 18:00,5.993922347590518
2025-09-23 19:00,5.17124986151568
2025-09-23 20:00,5.307971392289609
2025-09-23 21:00,5.573392825120962
2025-09-23 22:00,4.047245985376433
2025-09-23 23:00,4.242432239860426
2025-09-24 00:00,2.560979991043041
2025-09-24 01:00,2.86117460303997
2025-09-24 02:00,4.82495021934564
2025-09-24 03:00,7.1427823218671085
2025-09-24 04:00,6.97570139939285
2025-09-24 05:00,9.167758722976007
2025-09-24 06:00,11.256753053558969
2025-09-24 07:00,14.322328029496518
2025-09-24 08:00,21.433711631899232
2025-09-24 09:00,30.594181908147696
2025-09-24 10:00,31.912771054553602
2025-09-24 11:00,34.881536020908015
2025-09-24 12:00,34.86565510481918
2025-09-24 13:00,29.904593227864645
2025-09-24 14:00,29.657049002365895
2025-09-24 15:00,28.3096677814713
2025-09-24 16:00,31.842214227744975
2025-09-24 17:00,28.185933558183486
2025-09-24 18:00,24.772081970077295
2025-09-24 19:00,20.489204383680836
2025-09-24 20:00,11.017868951854105
2025-09-24 21:00,8.474509237063504
2025-09-24 22:00,5.616383215467931
2025-09-24 23:00,5.825239226793689
2025-09-25 00:00,3.961764158931711
2025-09-25 01:00,3.2196102808229066
2025-09-25 02:00,3.010046095520278
2025-09-25 03:00,3.4603403834635853
2025-09-25 04:00,4.485746033188266
2025-09-25 05:00,5.234862058815211
2025-09-25 06:00,8.39623059746611
2025-09-25 07:00,11.37386690919247
2025-09-25 08:00,11.245672195902182
2025-09-25 09:00,7.919207518392691
2025-09-25 10:00,4.565518437080737
2025-09-25 11:00,3.951823927903007
2025-09-25 12:00,2.7374810075954703
2025-09-25 13:00,1.4051395750611053
2025-09-25 14:00,2.473585419313058
2025-09-25 15:00,0.9753455035316232
2025-09-25 16:00,1.494916669184561
2025-09-25 17:00,0.751970344356417
2025-09-25 18:00,0.7832174108935633
2025-09-25 19:00,0.532070471492643
2025-09-25 20:00,0.48522454252971225
2025-09-25 21:00,1.2372135489763145
2025-09-25 22:00,1.0299908466505632
2025-09-25 23:00,1.2726928137736047
2025-09-26 00:00,1.778182047758573
2025-09-26 01:00,1.7987820724611832
2025-09-26 02:00,3.8991882548312375
2025-09-26 03:00,6.571312605983905
2025-09-26 04:00,7.612103613325297
2025-09-26 05:00,10.081739389358356
2025-09-26 06:00,11.994515339577823
2025-09-26 07:00,9.496543133306217
2025-09-26 08:00,9.357968343611882
2025-09-26 09:00,6.0458726431498295
2025-09-26 10:00,5.391523442051488
2025-09-26 11:00,5.3260368057434775
2025-09-26 12:00,4.783620129138573
2025-09-26 13:00,5.031813733569194
2025-09-26 14:00,5.554377579299187
2025-09-26 15:00,6.826958202681288
2025-09-26 16:00,8.522130552027768
2025-09-26 17:00,9.621706043667327
2025-09-26 18:00,7.644753654757931
2025-09-26 19:00,7.694424597731259
2025-09-26 20:00,8.430032297769918
2025-09-26 21:00,7.693077731297214
2025-09-26 22:00,6.150237317439375
2025-09-26 23:00,4.551664299847809
2025-09-27 00:00,3.368891583093011
2025-09-27 01:00,2.8810294662075453
2025-09-27 02:00,2.1238559382036555
2025-09-27 03:00,2.1450538710226192
2025-09-27 04:00,1.2512082488089424
2025-09-27 05:00,0.8800752189018836
2025-09-27 06:00,0.6405479607992938
2025-09-27 07:00,0.8955915202077602
2025-09-27 08:00,0.9418865906963849
2025-09-27 09:00,0.1109235380952509
2025-09-27 10:00,0.7589494514211577
2025-09-27 11:00,1.1301925086469786
2025-09-27 12:00,1.0177477368738497
2025-09-27 13:00,1.612660334859944
2025-09-27 14:00,3.0115398964778035
2025-09-27 15:00,3.0061587325461447
2025-09-27 16:00,2.4663651223340195
2025-09-27 17:00,2.180628138579765
2025-09-27 18:00,1.6799241250851393
2025-09-27 19:00,0.9753738640456978
2025-09-27 20:00,0.6419727058230659
2025-09-27 21:00,0.4765193231684698
2025-09-27 22:00,1.3513800650457566
2025-09-27 23:00,1.0753604353259965
2025-09-28 00:00,0.4119143850023831
2025-09-28 01:00,1.7692766946422043
2025-09-28 02:00,2.4494269802053794
2025-09-28 03:00,3.3658818654107545
2025-09-28 04:00,5.848585447242061
2025-09-28 05:00,8.709137806808302
2025-09-28 06:00,11.995674738594591
2025-09-28 07:00,14.174709535953044
2025-09-28 08:00,13.029673756029691
2025-09-28 09:00,14.210410138381562
2025-09-28 10:00,12.484012254829452
2025-09-28 11:00,10.610061646048857
2025-09-28 12:00,13.113274548533447
2025-09-28 13:00,10.742672412954908
2025-09-28 14:00,13.789210310887352
2025-09-28 15:00,10.348177154168877
2025-09-28 16:00,6.845345580540967
2025-09-28 17:00,9.594536760405806
2025-09-28 18:00,8.594227170744098
2025-09-28 19:00,6.547646785819337
2025-09-28 20:00,9.677086156743524
2025-09-28 21:00,9.538225892078808
2025-09-28 22:00,6.128865258127556
2025-09-28 23:00,4.217468721407175
2025-09-29 00:00,5.316012483877284
2025-09-29 01:00,4.298746771539191
2025-09-29 02:00,4.499326234366551
2025-09-29 03:00,4.772438276366982
2025-09-29 04:00,5.884266084982
2025-09-29 05:00,6.383859295970561
2025-09-29 06:00,4.1776218171312
2025-09-29 07:00,4.118241814514542
2025-09-29 08:00,4.376238351977317
2025-09-29 09:00,4.389328011582075
2025-09-29 10:00,2.8072634332204123
2025-09-29 11:00,2.0444614886126002
2025-09-29 12:00,1.3050556562134163
2025-09-29 13:00,0.894386154954901
2025-09-29 14:00,1.0863275030959607
2025-09-29 15:00,2.4615485542248092
2025-09-29 16:00,2.1006204854564694
2025-09-29 17:00,1.3424678087578383
2025-09-29 18:00,0.9122304547315258
2025-09-29 19:00,0.6203472970084549
2025-09-29 20:00,1.0057004637533176
2025-09-29 21:00,0.6528720170016125
2025-09-29 22:00,0.34343484482428194
2025-09-29 23:00,0.44877299603542886
2025-09-30 00:00,0.5355150377785023
2025-09-30 01:00,0.31030665620032216
2025-09-30 02:00,0.5491910540971419
2025-09-30 03:00,0.4772479345653544
2025-09-30 04:00,0.13631985502795757
2025-09-30 05:00,0.2907450902870997
2025-09-30 06:00,0.36432798604497607
2025-09-30 07:00,0.17930557326330415
2025-09-30 08:00,0.1731387380917336
2025-09-30 09:00,0.026714485602308127
2025-09-30 10:00,0.01794948721281188
2025-09-30 11:00,0.027320862278137122
2025-09-30 12:00,0.06271850241431949
2025-09-30 13:00,0.2201313757844033
2025-09-30 14:00,0.5407284787676677
2025-09-30 15:00,2.1104508808303883
2025-09-30 16:00,2.6390300145344106
2025-09-30 17:00,3.833944855391671
2025-09-30 18:00,3.6911091166177536
2025-09-30 19:00,2.902178066976007
2025-09-30 20:00,3.379545986705052
2025-09-30 21:00,1.6003219465505878
2025-09-30 22:00,1.4653888847026495
2025-09-30 23:00,1.088861778990525
2025-10-01 00:00,0.5651756505194421
2025-10-01 01:00,0.8003867350253236
2025-10-01 02:00,0.6245546091338932
2025-10-01 03:00,0.4833599648724184
2025-10-01 04:00,0.6116446524439098
2025-10-01 05:00,1.2835602743296972
2025-10-01 06:00,1.151012559103043
2025-10-01 07:00,0.7261824394861591
2025-10-01 08:00,0.24103719250286604
2025-10-01 09:00,0.4676173802248878
2025-10-01 10:00,0.35574742996966424
2025-10-01 11:00,0.5945377129756618
2025-10-01 12:00,1.444355042340499
2025-10-01 13:00,2.5990345353214215
2025-10-01 14:00,4.027202495187112
2025-10-01 15:00,5.834086919898677
2025-10-01 16:00,7.60333116172794
2025-10-01 17:00,7.909280973123131
2025-10-01 18:00,8.136587078095832
2025-10-01 19:00,8.74620135479035
2025-10-01 20:00,6.0636492618666065
2025-10-01 21:00,3.8739937192625895
2025-10-01 22:00,3.2211613920197513
2025-10-01 23:00,2.206644554231773
2025-10-02 00:00,2.102130366219661
2025-10-02 01:00,1.0342478574756644
2025-10-02 02:00,0.851694503102757
2025-10-02 03:00,0.7631018455333669
2025-10-02 04:00,0.37126592585204765
2025-10-02 05:00,1.2196501702229274
2025-10-02 06:00,0.2195006615285502
2025-10-02 07:00,0.3213075542890455
2025-10-02 08:00,0.31882462728795086
2025-10-02 09:00,0.17733718472196497
2025-10-02 10:00,0.06873797114039168
2025-10-02 11:00,0.04212326528363314
2025-10-02 12:00,0.16535035356238162
2025-10-02 13:00,0.18505312760588954
2025-10-02 14:00,0.32577736093154136
2025-10-02 15:00,0.5067172639644472
2025-10-02 16:00,0.19632199107647574
2025-10-02 17:00,0.15163343617646174
2025-10-02 18:00,0.040160384912689875
2025-10-02 19:00,0.22545399732715632
2025-10-02 20:00,0.7272073086321562
2025-10-02 21:00,0.46854996306094077
2025-10-02 22:00,1.0693272390587008
2025-10-02 23:00,1.5785622850085563
2025-10-03 00:00,1.9401994870177173
2025-10-03 01:00,3.0650260850060587
2025-10-03 02:00,7.339008995845985
2025-10-03 03:00,11.226371244641161
2025-10-03 04:00,13.572082065213081
2025-10-03 05:00,12.927813888069533
2025-10-03 06:00,15.811048071203732
2025-10-03 07:00,14.105359730426569
2025-10-03 08:00,27.426477276120067
2025-10-03 09:00,30.200899404216212
2025-10-03 10:00,26.794570776591968
2025-10-03 11:00,29.312032444587587
2025-10-03 12:00,28.653301176654963
2025-10-03 13:00,29.558269984644703
2025-10-03 14:00,30.839745838583987
2025-10-03 15:00,31.412834266849465
2025-10-03 16:00,33.487370717593805
2025-10-03 17:00,34.98686233910626
2025-10-03 18:00,37.68642812623983
2025-10-03 19:00,38.683014278867766
2025-10-03 20:00,39.13603227907467
2025-10-03 21:00,34.4091705708875
2025-10-03 22:00,32.55061265728557
2025-10-03 23:00,28.548787014958858
2025-10-04 00:00,22.599111060516893
2025-10-04 01:00,21.812527266765535
2025-10-04 02:00,18.024696645737667
2025-10-04 03:00,11.741110861133656
2025-10-04 04:00,10.954716490658733
2025-10-04 05:00,9.198400934206932
2025-10-04 06:00,7.882716681533241
2025-10-04 07:00,7.547512041502866
2025-10-04 08:00,7.046419097162451
2025-10-04 09:00,5.9597520795358
2025-10-04 10:00,4.095191849276423
2025-10-04 11:00,3.2943311253680214
2025-10-04 12:00,4.122979579171739
2025-10-04 13:00,3.6087588582475187
2025-10-04 14:00,3.2831508096552935
2025-10-04 15:00,4.917280458254265
2025-10-04 16:00,3.7665582021196498
2025-10-04 17:00,3.0502054396753677
2025-10-04 18:00,2.2470167371784817
2025-10-04 19:00,1.3121315129585316
2025-10-04 20:00,0.4604950618722168
2025-10-04 21:00,0.4480766309182316
2025-10-04 22:00,0.20239739703155388
2025-10-04 23:00,0.1753363331184432
2025-10-05 00:00,0.3126000781315559
2025-10-05 01:00,0.14183678397391608
2025-10-05 02:00,0.12358004775123621
2025-10-05 03:00,0.4410783477822071
2025-10-05 04:00,0.5147311821884868
2025-10-05 05:00,0.40938851309312474
2025-10-05 06:00,0.3520157328009996
2025-10-05 07:00,0.3607112599254833
2025-10-05 08:00,0.5969028766638789
2025-10-05 09:00,0.5447492410013325
2025-10-05 10:00,0.42339823725172787
2025-10-05 11:00,0.4250390344540157
2025-10-05 12:00,0.6044282472759767
2025-10-05 13:00,0.933992120437766
2025-10-05 14:00,0.7561394116552165
2025-10-05 15:00,0.6394143361371346
2025-10-05 16:00,0.34953240945521463
2025-10-05 17:00,0.16643492759906547
2025-10-05 18:00,0.0697176524132525
2025-10-05 19:00,0.07997865218952274
2025-10-05 20:00,0.30075028619001465
2025-10-05 21:00,0.2965632883225255
2025-10-05 22:00,0.37026102425907625
2025-10-05 23:00,0.17841993502270406
2025-10-06 00:00,0.27893532631808116
2025-10-06 01:00,0.1926510702297791
2025-10-06 02:00,0.2833628295949042
2025-10-06 03:00,0.48508146673377006
2025-10-06 04:00,0.7507098785469726
2025-10-06 05:00,0.934763595327631
2025-10-06 06:00,1.8623974138885415
2025-10-06 07:00,4.5146911700267935
2025-10-06 08:00,6.996387083428049
2025-10-06 09:00,9.492669843498
2025-10-06 10:00,6.177508309226791
2025-10-06 11:00,7.311087174196734
2025-10-06 12:00,14.559543976482159
2025-10-06 13:00,16.637420900414618
2025-10-06 14:00,19.94338904930177
2025-10-06 15:00,25.433355499827528
2025-10-06 16:00,33.08810027773042
2025-10-06 17:00,33.11360239679446
2025-10-06 18:00,37.326263600106934
2025-10-06 19:00,38.719101571082476
2025-10-06 20:00,42.03840150377502
2025-10-06 21:00,45.16363447935517
2025-10-06 22:00,45.4466136426272
2025-10-06 23:00,45.17893452860406
2025-10-07 00:00,43.90082039734905
2025-10-07 01:00,43.74601937821029
2025-10-07 02:00,42.3473713242993
2025-10-07 03:00,42.409037229219365
2025-10-07 04:00,40.204874871117624
2025-10-07 05:00,33.368277561795466
2025-10-07 06:00,31.16243359129144
2025-10-07 07:00,26.21330114789781
2025-10-07 08:00,18.744004177587833
2025-10-07 09:00,12.529878638658557
2025-10-07 10:00,9.643825085292058
2025-10-07 11:00,9.110381007961461
2025-10-07 12:00,8.149782784516457
2025-10-07 13:00,7.196782793382832
2025-10-07 14:00,6.765179730432188
2025-10-07 15:00,7.390482103007432
2025-10-07 16:00,6.921107914016242
2025-10-07 17:00,4.787250659046535
2025-10-07 18:00,4.646789922795223
2025-10-07 19:00,4.049610564151061
2025-10-07 20:00,3.153780600409018
2025-10-07 21:00,2.3720184634392583
2025-10-07 22:00,1.90392944818569
2025-10-07 23:00,2.7971897497514613
2025-10-08 00:00,3.9925400664480746
2025-10-08 01:00,4.241369607269256
2025-10-08 02:00,5.539444988624259
2025-10-08 03:00,7.748505617913731
2025-10-08 04:00,7.223258018364303
2025-10-08 05:00,10.419599802759741
2025-10-08 06:00,10.853786007312124
2025-10-08 07:00,11.594491341144543
2025-10-08 08:00,15.124773560463204
2025-10-08 09:00,14.77500674351062
2025-10-08 10:00,14.899007788674773
2025-10-08 11:00,15.37181865375655
2025-10-08 12:00,16.251984526596004
2025-10-08 13:00,16.12467505289772
2025-10-08 14:00,16.333810812189615
2025-10-08 15:00,16.935145020807624
2025-10-08 16:00,22.772011541881
2025-10-08 17:00,21.412066899344186
2025-10-08 18:00,15.179493409289709
2025-10-08 19:00,12.353707643904345
2025-10-08 20:00,8.73866247522486
2025-10-08 21:00,6.1945158682677075
2025-10-08 22:00,3.2638899996218207
2025-10-08 23:00,3.135079131908263
2025-10-09 00:00,1.2340800527091378
2025-10-09 01:00,0.7138294452586177
2025-10-09 02:00,1.3869809359343626
2025-10-09 03:00,1.5930359512592807
2025-10-09 04:00,2.0514175556339023
2025-10-09 05:00,3.6695204481178436
2025-10-09 06:00,3.7113830270234205
2025-10-09 07:00,4.465195382985609
2025-10-09 08:00,4.670309835934379
2025-10-09 09:00,3.9145138799218273
2025-10-09 10:00,2.9339491791754533
2025-10-09 11:00,2.981751597672552
2025-10-09 12:00,1.8242997532122325
2025-10-09 13:00,1.80097172926975
2025-10-09 14:00,2.4209149860306245
2025-10-09 15:00,3.27456241061181
2025-10-09 16:00,4.962843223826166
2025-10-09 17:00,7.1326919919211935
2025-10-09 18:00,8.086149105012796
2025-10-09 19:00,9.806574416056367
2025-10-09 20:00,10.200585581784697
2025-10-09 21:00,8.916745521541047
2025-10-09 22:00,8.083877261382344
2025-10-09 23:00,7.737286539025918
2025-10-10 00:00,7.36508035484053
2025-10-10 01:00,4.4679737094486525
2025-10-10 02:00,5.4670845035367535
2025-10-10 03:00,5.122951900436314
2025-10-10 04:00,4.34428507876231
2025-10-10 05:00,3.892019787492523
2025-10-10 06:00,2.834115597371139
2025-10-10 07:00,1.093187456766679
2025-10-10 08:00,0.8143107067277915
2025-10-10 09:00,1.2100445418329704
2025-10-10 10:00,0.34195434449842155
2025-10-10 11:00,0.22493020211326362
2025-10-10 12:00,0.31695797610504906
2025-10-10 13:00,0.3120650074112065
2025-10-10 14:00,0.8391616300437427
2025-10-10 15:00,0.634320885233205
2025-10-10 16:00,0.6945202487764359
2025-10-10 17:00,0.8299482810489351
2025-10-10 18:00,0.5785133000514797
2025-10-10 19:00,0.31646724921031877
2025-10-10 20:00,0.42536168833705257
2025-10-10 21:00,0.39650119038314857
2025-10-10 22:00,1.3140100732004523
2025-10-10 23:00,1.2030079895230852
2025-10-11 00:00,2.34831434452303
2025-10-11 01:00,2.828629470410102
2025-10-11 02:00,2.8652909560170254
2025-10-11 03:00,3.0390093702365624
2025-10-11 04:00,3.5454752419142697
2025-10-11 05:00,3.110134334482564
2025-10-11 06:00,2.747902119946966
2025-10-11 07:00,2.4705194492542617
2025-10-11 08:00,2.3466093924760676
2025-10-11 09:00,2.8392379518258553
2025-10-11 10:00,3.353992151765289
2025-10-11 11:00,4.584304372867228
2025-10-11 12:00,4.821499356988491
2025-10-11 13:00,5.741308070403139
2025-10-11 14:00,6.2989377532343465
2025-10-11 15:00,6.823168814684411
2025-10-11 16:00,5.787835252787401
2025-10-11 17:00,4.026469453200723
2025-10-11 18:00,2.3258504106142386
2025-10-11 19:00,2.6041043672839805
2025-10-11 20:00,2.4721964012804536
2025-10-11 21:00,3.2535330477590563
2025-10-11 22:00,3.101689830501023
2025-10-11 23:00,3.369471439976148
2025-10-12 00:00,3.3394741657643614
2025-10-12 01:00,3.3096434259667307
2025-10-12 02:00,3.7960938559403266
2025-10-12 03:00,4.912536967040085
2025-10-12 04:00,4.877005760449538
2025-10-12 05:00,4.502841172320029
2025-10-12 06:00,6.842906445049362
2025-10-12 07:00,4.339241702166859
2025-10-12 08:00,4.660996980397777
2025-10-12 09:00,5.398726155985587
2025-10-12 10:00,4.494619722775051
2025-10-12 11:00,2.164730924824381
2025-10-12 12:00,2.751414292718775
2025-10-12 13:00,2.9239507656431973
2025-10-12 14:00,2.6949292367467206
2025-10-12 15:00,3.375696523711194
2025-10-12 16:00,3.3135485218930203
2025-10-12 17:00,3.0576579817852476
2025-10-12 18:00,1.9587829278369013
2025-10-12 19:00,0.4831023076419022
2025-10-12 20:00,0.17856760837423435
2025-10-12 21:00,0.168502240097089
2025-10-12 22:00,0.12413542323872953
2025-10-12 23:00,0.17141462248142125
2025-10-13 00:00,0.4088445961579146
2025-10-13 01:00,0.5295680083998765
2025-10-13 02:00,0.30652397936468145
2025-10-13 03:00,0.28739665908453016
2025-10-13 04:00,0.5973078544844503
2025-10-13 05:00,0.6904089621252143
2025-10-13 06:00,0.6238023896244189
2025-10-13 07:00,3.6325229080848307
2025-10-13 08:00,6.43593755724393
2025-10-13 09:00,9.310997343810811
2025-10-13 10:00,10.272661409141278
2025-10-13 11:00,15.384527930344591
2025-10-13 12:00,21.726898935493697
2025-10-13 13:00,29.92817727494268
2025-10-13 14:00,30.103443753006264
2025-10-13 15:00,29.068021819848706
2025-10-13 16:00,29.835992866193973
2025-10-13 17:00,26.61065384169998
2025-10-13 18:00,22.39979102523747
2025-10-13 19:00,21.142523097666878
2025-10-13 20:00,11.655801795734792
2025-10-13 21:00,7.898888039136983
2025-10-13 22:00,5.819237852214637
2025-10-13 23:00,5.449847308973585
2025-10-14 00:00,2.811337982540091
2025-10-14 01:00,3.833841214992143
2025-10-14 02:00,3.5772079918079234
2025-10-14 03:00,4.438649327125953
2025-10-14 04:00,5.447109693958179
2025-10-14 05:00,6.418698842719875
2025-10-14 06:00,5.562360977390936
2025-10-14 07:00,6.706313480819407
2025-10-14 08:00,6.177349040770105
2025-10-14 09:00,4.484569131665591
2025-10-14 10:00,5.7024941099739745
2025-10-14 11:00,3.3822255498177607
2025-10-14 12:00,2.9183976630359663
2025-10-14 13:00,2.846813355451147
2025-10-14 14:00,1.5155060088059291
2025-10-14 15:00,0.6895553891615451
2025-10-14 16:00,0.07862279960871497
2025-10-14 17:00,0.21643240425735338
2025-10-14 18:00,0.5648465107043118
2025-10-14 19:00,0.7141872580192175
2025-10-14 20:00,1.0570818025465862
2025-10-14 21:00,1.2422761923808985
2025-10-14 22:00,0.8864867483650766
2025-10-14 23:00,1.3528204410746358
2025-10-15 00:00,0.8132654328102806
2025-10-15 01:00,0.8477295736404631
2025-10-15 02:00,1.2190741364452675
2025-10-15 03:00,0.9370017680322571
2025-10-15 04:00,0.9781248183700375
2025-10-15 05:00,1.556567496687446
2025-10-15 06:00,1.6431647901869733
2025-10-15 07:00,2.8340527890525893
2025-10-15 08:00,2.1535209765980077
2025-10-15 09:00,1.6474555528200503
2025-10-15 10:00,0.7181239358336391
2025-10-15 11:00,0.7527201729348187
2025-10-15 12:00,1.142767367975786
2025-10-15 13:00,1.667925694013745
2025-10-15 14:00,1.5835427430805988
2025-10-15 15:00,2.9310643378175634
2025-10-15 16:00,4.2531391327068295
2025-10-15 17:00,8.502979426496637
2025-10-15 18:00,10.518972736475991
2025-10-15 19:00,11.121678545985933
2025-10-15 20:00,12.706788612811472
2025-10-15 21:00,24.36690088910415
2025-10-15 22:00,31.72763579008864
2025-10-15 23:00,36.800793731906545
2025-10-16 00:00,41.46389011428817
2025-10-16 01:00,42.04420463607479
2025-10-16 02:00,41.79159161075327
2025-10-16 03:00,42.54384082639322
2025-10-16 04:00,42.35507882898015
2025-10-16 05:00,39.70888952068581
2025-10-16 06:00,31.184849243404166
2025-10-16 07:00,26.198453381984194
2025-10-16 08:00,27.117613944676215
2025-10-16 09:00,26.239154771827703
2025-10-16 10:00,14.625097912368245
2025-10-16 11:00,13.449620506342551
2025-10-16 12:00,13.238406656964239
2025-10-16 13:00,19.129259004988647
2025-10-16 14:00,22.847908819649682
2025-10-16 15:00,25.311357632926686
2025-10-16 16:00,22.73558039356218
2025-10-16 17:00,19.448574076804842
2025-10-16 18:00,15.915738971272344
2025-10-16 19:00,16.084535736346922
2025-10-16 20:00,13.38881465242439
2025-10-16 21:00,9.722329733014174
2025-10-16 22:00,8.623526051640498
2025-10-16 23:00,7.185130340786735
2025-10-17 00:00,6.649561384721281
2025-10-17 01:00,5.18297799998493
2025-10-17 02:00,5.125907511535406
2025-10-17 03:00,5.533630721289846
2025-10-17 04:00,6.326568363656277
2025-10-17 05:00,6.475320489248581
2025-10-17 06:00,4.070909964367979
2025-10-17 07:00,5.223758029571782
2025-10-17 08:00,5.1993656313086305
2025-10-17 09:00,4.584608226862691
2025-10-17 10:00,4.328573829682142
2025-10-17 11:00,4.283459008396571
2025-10-17 12:00,4.945567691467137
2025-10-17 13:00,8.008005549593342
2025-10-17 14:00,9.852421589886319
2025-10-17 15:00,10.316468994594224
2025-10-17 16:00,12.822419869239575
2025-10-17 17:00,14.574026871865392
2025-10-17 18:00,13.790132609739679
2025-10-17 19:00,17.197230034373934
2025-10-17 20:00,21.747903856996864
2025-10-17 21:00,22.982637646582287
2025-10-17 22:00,29.589631887903657
2025-10-17 23:00,21.176771379232715
2025-10-18 00:00,22.179110239112504
2025-10-18 01:00,26.02146433617517
2025-10-18 02:00,26.87641816706897
2025-10-18 03:00,31.58942445783914
2025-10-18 04:00,28.56890992935547
2025-10-18 05:00,28.56523972780751
2025-10-18 06:00,31.071955268681645
2025-10-18 07:00,40.12658514145153
2025-10-18 08:00,39.26441116450454
2025-10-18 09:00,39.06114560041674
2025-10-18 10:00,37.69891519786612
2025-10-18 11:00,39.16347147038303
2025-10-18 12:00,43.0999680548931
2025-10-18 13:00,44.58376666807325
2025-10-18 14:00,44.73856728952153
2025-10-18 15:00,43.02538494878716
2025-10-18 16:00,43.84905204572958
2025-10-18 17:00,41.14705066591755
2025-10-18 18:00,34.61451059068162
2025-10-18 19:00,26.781926916723336
2025-10-18 20:00,21.583225049696345
2025-10-18 21:00,13.07441935729717
2025-10-18 22:00,12.980935929052684
2025-10-18 23:00,9.37857099015515
2025-10-19 00:00,8.181759531570362
2025-10-19 01:00,7.522479879488059
2025-10-19 02:00,5.8476536653868205
2025-10-19 03:00,4.807212349042439
2025-10-19 04:00,4.817171560404164
2025-10-19 05:00,4.483501860997533
2025-10-19 06:00,3.995874067716451
2025-10-19 07:00,4.467526303125421
2025-10-19 08:00,3.9642073845377173
2025-10-19 09:00,2.3573986695704177
2025-10-19 10:00,2.5783708044923745
2025-10-19 11:00,4.621342810597051
2025-10-19 12:00,6.649538176005415
2025-10-19 13:00,13.349085269199932
2025-10-19 14:00,18.335179762217898
2025-10-19 15:00,23.854656843404655
2025-10-19 16:00,31.79481299094713
2025-10-19 17:00,41.20285234482307
2025-10-19 18:00,47.13939255228752
2025-10-19 19:00,53.64973686589846
2025-10-19 20:00,53.178118577119
2025-10-19 21:00,55.84979256134392
2025-10-19 22:00,54.74519933967689
2025-10-19 23:00,56.43560593204888
2025-10-20 00:00,56.3919889401375
2025-10-20 01:00,56.430940170907846
2025-10-20 02:00,57.55880036529673
2025-10-20 03:00,58.46432465054943
2025-10-20 04:00,57.21685165229262
2025-10-20 05:00,59.902808681244636
2025-10-20 06:00,56.97118868919301
2025-10-20 07:00,53.68703685965948
2025-10-20 08:00,53.37577833159568
2025-10-20 09:00,54.21986864567178
2025-10-20 10:00,49.431751042781336
2025-10-20 11:00,48.01002512174481
2025-10-20 12:00,49.24094182056261
2025-10-20 13:00,48.44632351130608
2025-10-20 14:00,49.058728526523
2025-10-20 15:00,51.75135900841206
2025-10-20 16:00,55.11645923591669
2025-10-20 17:00,54.78832339536143
2025-10-20 18:00,55.18169729292164
2025-10-20 19:00,53.490116215379345
2025-10-20 20:00,48.62533873413397
2025-10-20 21:00,48.35891003791835
2025-10-20 22:00,45.538361220083075
2025-10-20 23:00,42.59852633921296
2025-10-21 00:00,42.27544238162962
2025-10-21 01:00,41.50912281392474
2025-10-21 02:00,35.703588535343485
2025-10-21 03:00,42.15376753229122
2025-10-21 04:00,42.046699451857194
2025-10-21 05:00,41.18095692234776
2025-10-21 06:00,42.45469798696866
2025-10-21 07:00,42.37894141375598
2025-10-21 08:00,42.08479628390221
2025-10-21 09:00,38.246541859247046
2025-10-21 10:00,36.399881521244424
2025-10-21 11:00,36.54056420535133
2025-10-21 12:00,36.084502170348244
2025-10-21 13:00,36.484372545038994
2025-10-21 14:00,42.657431277291565
2025-10-21 15:00,43.86071476532948
2025-10-21 16:00,48.882925294734534
2025-10-21 17:00,45.54293043789325
2025-10-21 18:00,45.97781884332029
2025-10-21 19:00,47.60166336271963
2025-10-21 20:00,43.87308210246005
2025-10-21 21:00,41.5901230374197
2025-10-21 22:00,38.95281454464945
2025-10-21 23:00,35.932752212194934
2025-10-22 00:00,28.287179651730703
2025-10-22 01:00,26.261255354803232
2025-10-22 02:00,26.76519032105751
2025-10-22 03:00,26.53346192406785
2025-10-22 04:00,26.453784719073198
2025-10-22 05:00,25.13925882156292
2025-10-22 06:00,23.02778792161611
2025-10-22 07:00,21.924138497267155
2025-10-22 08:00,19.298483619626275
2025-10-22 09:00,19.332878436992594
2025-10-22 10:00,16.367554214662697
2025-10-22 11:00,15.030660135528231
2025-10-22 12:00,16.645653301961325
2025-10-22 13:00,12.276323009365342
2025-10-22 14:00,14.610873609478142
2025-10-22 15:00,16.543513808179853
2025-10-22 16:00,17.030367542979082
2025-10-22 17:00,10.950207336132822
2025-10-22 18:00,13.381527411203471
2025-10-22 19:00,13.014556588032615
2025-10-22 20:00,12.118638675998403
2025-10-22 21:00,12.105689586255057
2025-10-22 22:00,7.656018709987155
2025-10-22 23:00,5.405561238044322
2025-10-23 00:00,5.4476236702932965
2025-10-23 01:00,5.4638898288102595
2025-10-23 02:00,4.804855946311943
2025-10-23 03:00,3.890775744969484
2025-10-23 04:00,4.342133419404382
2025-10-23 05:00,4.352040307778014
2025-10-23 06:00,3.2423422714775807
2025-10-23 07:00,5.810229453676089
2025-10-23 08:00,4.837076130104424
2025-10-23 09:00,2.552366394942336
2025-10-23 10:00,0.8205671794000748
2025-10-23 11:00,1.1139883970848459
2025-10-23 12:00,2.454199227095943
2025-10-23 13:00,4.097401977434167
2025-10-23 14:00,7.144645377734591
2025-10-23 15:00,9.700329819150532
2025-10-23 16:00,12.674710455679687
2025-10-23 17:00,15.05430663154197
2025-10-23 18:00,15.216249656068655
2025-10-23 19:00,15.091683185058251
2025-10-23 20:00,15.254015951537262
2025-10-23 21:00,13.378135799984527
2025-10-23 22:00,11.337393590782046
2025-10-23 23:00,8.48967698695535
2025-10-24 00:00,12.454634277618307
2025-10-24 01:00,9.385634831074697
2025-10-24 02:00,9.244250496277868
2025-10-24 03:00,9.439240284007322
2025-10-24 04:00,9.951139568896794
2025-10-24 05:00,10.102025865046848
2025-10-24 06:00,9.974385103042481
2025-10-24 07:00,8.884311192330502
2025-10-24 08:00,7.508653395136639
2025-10-24 09:00,4.405506944462406
2025-10-24 10:00,3.9541231044281098
2025-10-24 11:00,2.4431173663201387
2025-10-24 12:00,2.221427779784905
2025-10-24 13:00,2.690070559202936
2025-10-24 14:00,2.910258908065884
2025-10-24 15:00,6.615771439805865
2025-10-24 16:00,8.81049949242841
2025-10-24 17:00,7.89042247776693
2025-10-24 18:00,8.790628639963998
2025-10-24 19:00,5.427175360361138
2025-10-24 20:00,5.80073639690634
2025-10-24 21:00,4.544852364318745
2025-10-24 22:00,3.499632639640356
2025-10-24 23:00,2.4269904885126126
2025-10-25 00:00,2.1598920791275824
2025-10-25 01:00,1.0125627959074597
2025-10-25 02:00,1.0941272772355388
2025-10-25 03:00,2.8304081831740255
2025-10-25 04:00,4.631501597070256
2025-10-25 05:00,6.372371668565551
2025-10-25 06:00,8.186671479563287
2025-10-25 07:00,9.56958370627821
2025-10-25 08:00,10.421068734504255
2025-10-25 09:00,10.700198998570842
2025-10-25 10:00,11.379126505947589
2025-10-25 11:00,10.61749079523692
2025-10-25 12:00,13.489753177584783
2025-10-25 13:00,15.067957046894946
2025-10-25 14:00,18.22387179325122
2025-10-25 15:00,20.143879567449584
2025-10-25 16:00,23.412089502021566
2025-10-25 17:00,26.909792790001767
2025-10-25 18:00,29.235384809963218
2025-10-25 19:00,27.73169585111409
2025-10-25 20:00,22.755770585736904
2025-10-25 21:00,18.88551972390116
2025-10-25 22:00,15.371247455036245
2025-10-25 23:00,11.224576807629104
2025-10-26 00:00,13.193896097163337
2025-10-26 01:00,14.024223439118217
2025-10-26 02:00,12.09574561477577
2025-10-26 03:00,12.830933100852803
2025-10-26 04:00,15.45824239575618
2025-10-26 05:00,20.021856483117617
2025-10-26 06:00,14.166528990768182
2025-10-26 07:00,13.507470461586239
2025-10-26 08:00,9.712582036616475
2025-10-26 09:00,7.89761636258236
2025-10-26 10:00,8.610891566028338
2025-10-26 11:00,11.92470525789399
2025-10-26 12:00,13.980150945059261
2025-10-26 13:00,16.881879700606635
2025-10-26 14:00,21.841795778812845
2025-10-26 15:00,23.389534074445454
2025-10-26 16:00,31.167877759669675
2025-10-26 17:00,29.63059565183042
2025-10-26 18:00,29.549780793759446
2025-10-26 19:00,27.64990918228186
2025-10-26 20:00,33.48437583103692
2025-10-26 21:00,31.1227010890111
2025-10-26 22:00,30.79730662454503
2025-10-26 23:00,36.73170102978146
2025-10-27 00:00,48.81272731442311
2025-10-27 01:00,55.92110725395901
2025-10-27 02:00,56.2315200690921
2025-10-27 03:00,57.93970306225231
2025-10-27 04:00,58.381091562166006
2025-10-27 05:00,60.03715792648862
2025-10-27 06:00,60.44147786330704
2025-10-27 07:00,55.67600290770139
2025-10-27 08:00,50.09610687641371
2025-10-27 09:00,48.94857943160382
2025-10-27 10:00,44.863550878154456
2025-10-27 11:00,28.95172349359227
2025-10-27 12:00,32.175988708097215
2025-10-27 13:00,30.385683498011858
2025-10-27 14:00,30.827083334498944
2025-10-27 15:00,35.615837297412654
2025-10-27 16:00,32.69735499948062
2025-10-27 17:00,33.562653260138774
2025-10-27 18:00,30.188548296961013
2025-10-27 19:00,20.745984235339012
2025-10-27 20:00,23.090532103155468
2025-10-27 21:00,19.701488390646315
2025-10-27 22:00,15.044439213270731
2025-10-27 23:00,11.95169712205987
2025-10-28 00:00,11.69922856499063
2025-10-28 01:00,9.026688889376668
2025-10-28 02:00,7.743445446838276
2025-10-28 03:00,11.624124989897005
2025-10-28 04:00,13.927138075291346
2025-10-28 05:00,11.830111157290387
2025-10-28 06:00,9.717864416116395
2025-10-28 07:00,12.514597063859254
2025-10-28 08:00,12.560995607521187
2025-10-28 09:00,10.597380887216927
2025-10-28 10:00,8.938853290366295
2025-10-28 11:00,8.94305231317813
2025-10-28 12:00,6.400502071983217
2025-10-28 13:00,5.543856326628861
2025-10-28 14:00,5.6390141532025995
2025-10-28 15:00,6.583006629243345
2025-10-28 16:00,5.068979776802971
2025-10-28 17:00,4.649151063000913
2025-10-28 18:00,4.090779777196559
2025-10-28 19:00,2.8563787170222326
2025-10-28 20:00,2.03559061568103
2025-10-28 21:00,2.495447368181959
2025-10-28 22:00,1.8619976152022066
2025-10-28 23:00,1.9322876548194723
2025-10-29 00:00,2.8094952229375023
2025-10-29 01:00,4.238676717634405
2025-10-29 02:00,4.100127267410476
2025-10-29 03:00,4.3306277660713945
2025-10-29 04:00,5.0045817176255625
2025-10-29 05:00,5.147110093772562
2025-10-29 06:00,6.21058801141952
2025-10-29 07:00,5.760185683856793
2025-10-29 08:00,5.044733486079842
2025-10-29 09:00,3.8920987457487026
2025-10-29 10:00,2.2515407184780827
2025-10-29 11:00,1.4599863304976242
2025-10-29 12:00,1.758556635580086
2025-10-29 13:00,1.6408297590566712
2025-10-29 14:00,0.6961818822417537
2025-10-29 15:00,0.5543565265220048
2025-10-29 16:00,0.6668548843750551
2025-10-29 17:00,0.9718341075810113
2025-10-29 18:00,3.2333987174542487
2025-10-29 19:00,1.9786437281745028
2025-10-29 20:00,1.6672272854243122
2025-10-29 21:00,1.6439455371176348
2025-10-29 22:00,1.352409008196355
2025-10-29 23:00,1.3097393688515755
2025-10-30 00:00,1.4179799202121761
2025-10-30 01:00,1.0528365828347106
2025-10-30 02:00,2.4375533336181623
2025-10-30 03:00,3.076333699423557
2025-10-30 04:00,3.6272033403190056
2025-10-30 05:00,2.3059447424376236
2025-10-30 06:00,1.8572153836980454
2025-10-30 07:00,1.8700838298327551
2025-10-30 08:00,1.277146184413306
2025-10-30 09:00,0.9659434624788303
2025-10-30 10:00,0.5506972310229807
2025-10-30 11:00,0.21804913339919002
2025-10-30 12:00,0.03188438505745041
2025-10-30 13:00,0.2743369749974513
2025-10-30 14:00,0.4512471105268375
2025-10-30 15:00,0.9006577875880286
2025-10-30 16:00,1.5681442798764156
2025-10-30 17:00,2.1867582522474502
2025-10-30 18:00,3.188357767270784
2025-10-30 19:00,3.110632594450973
2025-10-30 20:00,4.814167903206549
2025-10-30 21:00,5.865147059266674
2025-10-30 22:00,4.706514388321274
2025-10-30 23:00,5.683767997240638
2025-10-31 00:00,5.662694168984476
2025-10-31 01:00,6.13382958495377
2025-10-31 02:00,5.3012200954316855
2025-10-31 03:00,4.500683527106181
2025-10-31 04:00,4.645054957468456
2025-10-31 05:00,2.9188060036374726
2025-10-31 06:00,3.6321808884645073
2025-10-31 07:00,5.58491782473423
2025-10-31 08:00,3.402512114094191
2025-10-31 09:00,3.084982843561532
2025-10-31 10:00,1.0026471362356246
2025-10-31 11:00,0.48937595828734026
2025-10-31 12:00,0.5234762330169516
2025-10-31 13:00,1.0222485958801502
2025-10-31 14:00,2.307706379741519
2025-10-31 15:00,5.128816368945099
2025-10-31 16:00,5.879010452470606
2025-10-31 17:00,5.823939995519902
2025-10-31 18:00,3.407229380789858
2025-10-31 19:00,3.5044934228255658
2025-10-31 20:00,3.677030198691995
2025-10-31 21:00,5.136447276044612
2025-10-31 22:00,7.2386637406982555
2025-10-31 23:00,12.293261578541209
2025-11-01 00:00,15.350548656189163
2025-11-01 01:00,16.0922040479089
2025-11-01 02:00,18.409633387329535
2025-11-01 03:00,23.744683122024135
2025-11-01 04:00,28.541883017557772
2025-11-01 05:00,33.67295554064868
2025-11-01 06:00,30.32683196215023
2025-11-01 07:00,31.19159127979728
2025-11-01 08:00,35.576373991500304
2025-11-01 09:00,36.78898320519058
2025-11-01 10:00,41.67864595867927
2025-11-01 11:00,36.158532128591176
2025-11-01 12:00,36.259886801758554
2025-11-01 13:00,35.25752186899581
2025-11-01 14:00,34.95526703811436
2025-11-01 15:00,35.00281464435302
2025-11-01 16:00,36.608143824078624
2025-11-01 17:00,38.968315078855234
2025-11-01 18:00,38.6996095036322
2025-11-01 19:00,35.05480792446898
2025-11-01 20:00,37.610939480286376
2025-11-01 21:00,31.443140580439433
2025-11-01 22:00,34.58384214054403
2025-11-01 23:00,35.39745482391973
2025-11-02 00:00,40.96583073785412
2025-11-02 01:00,41.18345570535492
2025-11-02 02:00,42.23347426813705
2025-11-02 03:00,46.250285257375566
2025-11-02 04:00,48.43316144336832
2025-11-02 05:00,47.88354802841337
2025-11-02 06:00,44.8509030739238
2025-11-02 07:00,52.642244235533596
2025-11-02 08:00,54.894702938957465
2025-11-02 09:00,59.291614640408035
2025-11-02 10:00,58.248787224145545
2025-11-02 11:00,57.717736937625375
2025-11-02 12:00,57.964607670408284
2025-11-02 13:00,58.55878178964771
2025-11-02 14:00,59.22727807390872
2025-11-02 15:00,58.043977001645864
2025-11-02 16:00,60.30636423480561
2025-11-02 17:00,59.76097446008208
2025-11-02 18:00,58.914213977528696
2025-11-02 19:00,60.47046396003837
2025-11-02 20:00,58.25162913949772
2025-11-02 21:00,59.17720170402164
2025-11-02 22:00,56.88502702953139
2025-11-02 23:00,54.953920148008976
2025-11-03 00:00,54.719317873344885
2025-11-03 01:00,50.2633919783416
2025-11-03 02:00,45.148122599644374
2025-11-03 03:00,42.37849499535265
2025-11-03 04:00,29.37475988656806
2025-11-03 05:00,22.87798006438645
2025-11-03 06:00,16.09514064320603
2025-11-03 07:00,10.86574847835857
2025-11-03 08:00,7.690351660055687
2025-11-03 09:00,6.230723350561242
2025-11-03 10:00,4.453525858697784
2025-11-03 11:00,3.10858229956348
2025-11-03 12:00,2.7867921027218747
2025-11-03 13:00,1.911439557948168
2025-11-03 14:00,2.3723640671648
2025-11-03 15:00,2.5730194221570715
2025-11-03 16:00,2.8628135159694024
2025-11-03 17:00,2.9238508863104586
2025-11-03 18:00,3.2474999789897074
2025-11-03 19:00,3.145498486405539
2025-11-03 20:00,2.2580641925821943
2025-11-03 21:00,1.194123528431074
2025-11-03 22:00,0.9826457370339643
2025-11-03 23:00,0.9295494840196317
2025-11-04 00:00,0.7813740361999948
2025-11-04 01:00,0.8582450168130095
2025-11-04 02:00,1.2386004989154717
2025-11-04 03:00,2.7119884331314195
2025-11-04 04:00,2.4469782409243725
2025-11-04 05:00,2.9938606760833615
2025-11-04 06:00,2.403588901302763
2025-11-04 07:00,2.600870739765386
2025-11-04 08:00,2.227934229493581
2025-11-04 09:00,1.7904993535740585
2025-11-04 10:00,1.3023111473881759
2025-11-04 11:00,1.3955791532551445
2025-11-04 12:00,1.0264686996324897
2025-11-04 13:00,1.7968990895723524
2025-11-04 14:00,3.28491767594611
2025-11-04 15:00,5.611348495847455
2025-11-04 16:00,7.004772729786543
2025-11-04 17:00,8.724748699817617
2025-11-04 18:00,11.873098028092254
2025-11-04 19:00,11.80738415560379
2025-11-04 20:00,11.248090258791148
2025-11-04 21:00,7.955441915300333
2025-11-04 22:00,7.1778371750005565
2025-11-04 23:00,7.186703484254144
2025-11-05 00:00,8.071520276070467
2025-11-05 01:00,7.663623090656168
2025-11-05 02:00,6.804161487092849
2025-11-05 03:00,6.676388756623412
2025-11-05 04:00,7.1118635519973505
2025-11-05 05:00,4.7269586912381385
2025-11-05 06:00,4.339891208885442
2025-11-05 07:00,3.774928909393056
2025-11-05 08:00,4.364901687483553
2025-11-05 09:00,5.043182530639454
2025-11-05 10:00,3.391567543497338
2025-11-05 11:00,1.5192526274021407
2025-11-05 12:00,1.2740583562923724
2025-11-05 13:00,2.3968339519110504
2025-11-05 14:00,3.932428750042977
2025-11-05 15:00,5.076206323682493
2025-11-05 16:00,6.793227890460976
2025-11-05 17:00,8.621965231038955
2025-11-05 18:00,9.838998740164108
2025-11-05 19:00,9.992578914304389
2025-11-05 20:00,9.458311303740034
2025-11-05 21:00,7.5256177473929
2025-11-05 22:00,5.22379549615538
2025-11-05 23:00,6.227652428145431
2025-11-06 00:00,8.518063558382124
2025-11-06 01:00,7.237092347606119
2025-11-06 02:00,9.880270678235686
2025-11-06 03:00,8.793648807148426
2025-11-06 04:00,8.378431186992565
2025-11-06 05:00,8.987324675221885
2025-11-06 06:00,8.999288799132273
2025-11-06 07:00,10.480815156397858
2025-11-06 08:00,9.338273952322176
2025-11-06 09:00,7.684171067649977
2025-11-06 10:00,8.374225525564007
2025-11-06 11:00,9.069132600028864
2025-11-06 12:00,13.183505923724535
2025-11-06 13:00,15.00001646140849
2025-11-06 14:00,14.127043758700147
2025-11-06 15:00,16.16862607311115
2025-11-06 16:00,15.878464170052904
2025-11-06 17:00,14.90181044073731
2025-11-06 18:00,14.032542291671898
2025-11-06 19:00,11.38131040777017
2025-11-06 20:00,10.42842738651079
2025-11-06 21:00,7.551765820918638
2025-11-06 22:00,6.024640479562059
2025-11-06 23:00,3.8550118112262757
2025-11-07 00:00,2.1130840302361786
2025-11-07 01:00,1.3976660329454025
2025-11-07 02:00,1.4516855622006102
2025-11-07 03:00,1.6885836352617565
2025-11-07 04:00,2.004359524382363
2025-11-07 05:00,2.533447496356911
2025-11-07 06:00,1.90896274421972
2025-11-07 07:00,2.1849351899668092
2025-11-07 08:00,0.9128384117838382
2025-11-07 09:00,0.4199060195612628
2025-11-07 10:00,0.1290606704354941
2025-11-07 11:00,0.08804873638598035
2025-11-07 12:00,0.16368207505588234
2025-11-07 13:00,0.44387427497154086
2025-11-07 14:00,1.0379924148470794
2025-11-07 15:00,1.0971401648244286
2025-11-07 16:00,2.0866005661262097
2025-11-07 17:00,1.984376690046906
2025-11-07 18:00,4.0501852404198235
2025-11-07 19:00,5.009003904286841
2025-11-07 20:00,4.8567581830798
2025-11-07 21:00,4.620945932856676
2025-11-07 22:00,4.559031421795601
2025-11-07 23:00,4.047010515604205
2025-11-08 00:00,3.272601116150926
2025-11-08 01:00,4.612191405298308
2025-11-08 02:00,5.021422057462638
2025-11-08 03:00,7.031471677418647
2025-11-08 04:00,8.811525713322267
2025-11-08 05:00,8.876423744936051
2025-11-08 06:00,9.520559000192637
2025-11-08 07:00,9.058349644951928
2025-11-08 08:00,9.019665602895751
2025-11-08 09:00,7.3548099639934765
2025-11-08 10:00,7.966042348144409
2025-11-08 11:00,7.100771143596041
2025-11-08 12:00,7.644155911265539
2025-11-08 13:00,6.1355806961336
2025-11-08 14:00,5.165555009307757
2025-11-08 15:00,5.377715600990188
2025-11-08 16:00,9.664498440326785
2025-11-08 17:00,13.669307685496644
2025-11-08 18:00,11.406861523542155
2025-11-08 19:00,7.857329742160616
2025-11-08 20:00,7.5962114986315985
2025-11-08 21:00,7.4588860543422335
2025-11-08 22:00,9.60709971321533
2025-11-08 23:00,6.694407522828399
2025-11-09 00:00,5.520017801592205
2025-11-09 01:00,6.631851663530027
2025-11-09 02:00,4.867591429235829
2025-11-09 03:00,4.399081983485688
2025-11-09 04:00,4.201831997880164
2025-11-09 05:00,4.590937054983689
2025-11-09 06:00,8.614177497873971
2025-11-09 07:00,9.209229302694249
2025-11-09 08:00,7.067392321819889
2025-11-09 09:00,9.567888150036003
2025-11-09 10:00,11.612899283147595
2025-11-09 11:00,11.712581669195789
2025-11-09 12:00,13.163405546848693
2025-11-09 13:00,18.96470849132252
2025-11-09 14:00,19.99069577361889
2025-11-09 15:00,23.171909025020348
2025-11-09 16:00,27.282649962099992
2025-11-09 17:00,29.572956396814796
2025-11-09 18:00,34.06312636729121
2025-11-09 19:00,45.9260035603981
2025-11-09 20:00,51.40186693983695
2025-11-09 21:00,53.290853964613916
2025-11-09 22:00,55.92365394446968
2025-11-09 23:00,52.51267291029452
2025-11-10 00:00,55.245186778272554
2025-11-10 01:00,51.10675078475139
2025-11-10 02:00,56.56073034790626
2025-11-10 03:00,59.23395855048358
2025-11-10 04:00,56.432714215989776
2025-11-10 05:00,52.293336448123355
2025-11-10 06:00,51.72017398934454
2025-11-10 07:00,51.17235616567629
2025-11-10 08:00,49.33756135566177
2025-11-10 09:00,49.94974968609286
2025-11-10 10:00,47.57813890198388
2025-11-10 11:00,45.19939767932779
2025-11-10 12:00,44.483157090447335
2025-11-10 13:00,42.12149754404337
2025-11-10 14:00,39.12468450174475
2025-11-10 15:00,40.158874054103535
2025-11-10 16:00,36.46639867637978
2025-11-10 17:00,29.947602846160127
2025-11-10 18:00,19.295967543580634
2025-11-10 19:00,16.813953544695373
2025-11-10 20:00,15.864434894744655
2025-11-10 21:00,14.6021912132557
2025-11-10 22:00,14.110486422773718
2025-11-10 23:00,12.643337750559407
2025-11-11 00:00,12.415607267022056
2025-11-11 01:00,13.831274230245313
2025-11-11 02:00,14.015684338081872
2025-11-11 03:00,12.717187566780684
2025-11-11 04:00,13.11323906451527
2025-11-11 05:00,12.132003910119938
2025-11-11 06:00,12.27655678432578
2025-11-11 07:00,8.801432026423573
2025-11-11 08:00,8.055525683186275
2025-11-11 09:00,7.970704865284805
2025-11-11 10:00,6.844069508947344
2025-11-11 11:00,5.723549431751166
2025-11-11 12:00,6.37473339325393
2025-11-11 13:00,8.351526661207547
2025-11-11 14:00,8.672550273001917
2025-11-11 15:00,9.961178470700162
2025-11-11 16:00,10.833756189432611
2025-11-11 17:00,11.883524106261472
2025-11-11 18:00,9.792707001242231
2025-11-11 19:00,8.450176036728953
2025-11-11 20:00,8.398177746932657
2025-11-11 21:00,6.914444348254809
2025-11-11 22:00,4.732583441824691
2025-11-11 23:00,3.344349802782289
2025-11-12 00:00,7.3039628565542944
2025-11-12 01:00,7.765131959084369
2025-11-12 02:00,6.05304831146829
2025-11-12 03:00,6.9703929188550715
2025-11-12 04:00,5.292493372261401
2025-11-12 05:00,4.046790097368474
2025-11-12 06:00,4.247489623676961
2025-11-12 07:00,3.58066153346781
2025-11-12 08:00,3.0694879915654303
2025-11-12 09:00,2.69086881256153
2025-11-12 10:00,1.5603862030184175
2025-11-12 11:00,0.5742259239241484
2025-11-12 12:00,0.7308723892885344
2025-11-12 13:00,1.1375809113139317
2025-11-12 14:00,2.0116566455119735
2025-11-12 15:00,3.7044090433870487
2025-11-12 16:00,6.4095375780500135
2025-11-12 17:00,8.165134798969921
2025-11-12 18:00,10.855975362504324
2025-11-12 19:00,7.711829373768969
2025-11-12 20:00,7.66864526568855
2025-11-12 21:00,7.8150497950989575
2025-11-12 22:00,6.876618106639847
2025-11-12 23:00,5.928137462910373
2025-11-13 00:00,8.408181962402052
2025-11-13 01:00,7.634949469849206
2025-11-13 02:00,6.543941014221186
2025-11-13 03:00,6.604537521809512
2025-11-13 04:00,6.009342563320519
2025-11-13 05:00,7.19852235444937
2025-11-13 06:00,7.438301316865095
2025-11-13 07:00,5.988020456804863
2025-11-13 08:00,4.7789935323849555
2025-11-13 09:00,2.7577656209063544
2025-11-13 10:00,2.364187323660558
2025-11-13 11:00,4.262259791646326
2025-11-13 12:00,5.71793704150231
2025-11-13 13:00,8.982217767926171
2025-11-13 14:00,16.039188504975016
2025-11-13 15:00,17.497476554318403
2025-11-13 16:00,21.366612646317137
2025-11-13 17:00,25.33257030014444
2025-11-13 18:00,23.370221796403417
2025-11-13 19:00,23.816917676940953
2025-11-13 20:00,25.08267655352448
2025-11-13 21:00,18.52547405839269
2025-11-13 22:00,16.57179971868441
2025-11-13 23:00,12.41976294987361
2025-11-14 00:00,11.24590458455533
2025-11-14 01:00,8.086338861253605
2025-11-14 02:00,8.589737753827155
2025-11-14 03:00,8.678533754816879
2025-11-14 04:00,8.142217920502883
2025-11-14 05:00,8.905916064222716
2025-11-14 06:00,8.552593506295533
2025-11-14 07:00,9.276535761048898
2025-11-14 08:00,7.743843042251175
2025-11-14 09:00,6.764008940145695
2025-11-14 10:00,9.11301874469325
2025-11-14 11:00,12.179941745103061
2025-11-14 12:00,17.651162010139053
2025-11-14 13:00,15.957713527607252
2025-11-14 14:00,17.284698951183994
2025-11-14 15:00,19.814436712514933
2025-11-14 16:00,18.92850761318776
2025-11-14 17:00,17.300501354379474
2025-11-14 18:00,16.345219712308538
2025-11-14 19:00,13.334253760594269
2025-11-14 20:00,11.469122294388615
2025-11-14 21:00,10.032058307838565
2025-11-14 22:00,8.642490494280993
2025-11-14 23:00,7.951972739677819
2025-11-15 00:00,4.96458317692691
2025-11-15 01:00,5.078236524270434
2025-11-15 02:00,4.380863900472624
2025-11-15 03:00,2.9632947096059175
2025-11-15 04:00,2.693282942806679
2025-11-15 05:00,3.604025902763384
2025-11-15 06:00,2.9314462664123138
2025-11-15 07:00,3.2569467636807428
2025-11-15 08:00,2.2181636934980045
2025-11-15 09:00,1.1460279421152202
2025-11-15 10:00,0.9093661027583642
2025-11-15 11:00,1.135600170387539
2025-11-15 12:00,1.5795432265480325
2025-11-15 13:00,2.321635490123026
2025-11-15 14:00,2.1452121144371388
2025-11-15 15:00,3.630788407505055
2025-11-15 16:00,6.028333473572399
2025-11-15 17:00,7.023089873990058
2025-11-15 18:00,6.840618306614395
2025-11-15 19:00,7.058781513049478
2025-11-15 20:00,5.655385891618576
2025-11-15 21:00,4.029437167190559
2025-11-15 22:00,3.0904784181092615
2025-11-15 23:00,2.8924235464404706
2025-11-16 00:00,1.7555472195980695
2025-11-16 01:00,1.4632112146954954
2025-11-16 02:00,2.2642079120998186
2025-11-16 03:00,1.774524441061371
2025-11-16 04:00,1.686993782639342
2025-11-16 05:00,1.4032632650577435
2025-11-16 06:00,1.7583262156635082
2025-11-16 07:00,3.0315288436730055
2025-11-16 08:00,2.9598932920637586
2025-11-16 09:00,1.7673037278954442
2025-11-16 10:00,1.520757188981495
2025-11-16 11:00,1.4779514129898779
2025-11-16 12:00,2.732959627127916
2025-11-16 13:00,2.956437374733924
2025-11-16 14:00,5.0593147013172555
2025-11-16 15:00,6.8449680720022075
2025-11-16 16:00,6.821290692965391
2025-11-16 17:00,8.25678663295289
2025-11-16 18:00,9.009493410164032
2025-11-16 19:00,9.012595234579642
2025-11-16 20:00,12.160750131731264
2025-11-16 21:00,14.415886090162827
2025-11-16 22:00,26.387121878275032
2025-11-16 23:00,26.868254399486972
2025-11-17 00:00,42.9472520641346
2025-11-17 01:00,49.5272091896268
2025-11-17 02:00,51.927356139554995
2025-11-17 03:00,51.89745298246673
2025-11-17 04:00,54.164408985445746
2025-11-17 05:00,57.272429927202296
2025-11-17 06:00,54.75350777819615
2025-11-17 07:00,53.09393880817306
2025-11-17 08:00,51.654202761942415
2025-11-17 09:00,52.12133780248896
2025-11-17 10:00,50.77409678582438
2025-11-17 11:00,51.2494324321153
2025-11-17 12:00,52.842156880844726
2025-11-17 13:00,51.45152080685271
2025-11-17 14:00,53.59659753301709
2025-11-17 15:00,52.99724873658407
2025-11-17 16:00,54.03082229066372
2025-11-17 17:00,54.84720153917091
2025-11-17 18:00,56.93769263563301
2025-11-17 19:00,56.941832072556764
2025-11-17 20:00,56.59120920182037
2025-11-17 21:00,55.60500420923823
2025-11-17 22:00,55.796792988988386
2025-11-17 23:00,55.232615799904295
2025-11-18 00:00,55.04135139311727
2025-11-18 01:00,56.17691982799943
2025-11-18 02:00,53.0041017039825
2025-11-18 03:00,52.87091605705022
2025-11-18 04:00,49.509773953486274
2025-11-18 05:00,53.61567274252991
2025-11-18 06:00,51.29616837581821
2025-11-18 07:00,47.94035414053198
2025-11-18 08:00,43.528891761664184
2025-11-18 09:00,40.40114352539497
2025-11-18 10:00,45.702039431313096
2025-11-18 11:00,43.7750132101533
2025-11-18 12:00,48.38729689447793
2025-11-18 13:00,49.08042932625598
2025-11-18 14:00,37.56490609068834
2025-11-18 15:00,34.59726078919329
2025-11-18 16:00,35.77672154396192
2025-11-18 17:00,38.224502326123854
2025-11-18 18:00,32.20592696094435
2025-11-18 19:00,33.8530619934195
2025-11-18 20:00,32.76055224177522
2025-11-18 21:00,28.111500967788306
2025-11-18 22:00,20.027876340297468
2025-11-18 23:00,23.050855055160646
2025-11-19 00:00,16.71551423101686
2025-11-19 01:00,14.328641060790526
2025-11-19 02:00,13.348947972395987
2025-11-19 03:00,10.030881142901283
2025-11-19 04:00,8.552306816094111
2025-11-19 05:00,7.151888151976663
2025-11-19 06:00,6.592118108048184
2025-11-19 07:00,4.49542475728158
2025-11-19 08:00,4.236987687755218
2025-11-19 09:00,3.452639016552023
2025-11-19 10:00,1.6677545905613447
2025-11-19 11:00,1.2670174384346535
2025-11-19 12:00,1.6955925407905899
2025-11-19 13:00,2.6585187564068615
2025-11-19 14:00,3.6769188706172873
2025-11-19 15:00,4.297431278381737
2025-11-19 16:00,3.736709703032364
2025-11-19 17:00,3.69516023092002
2025-11-19 18:00,1.4584805965414744
2025-11-19 19:00,0.7555538379015455
2025-11-19 20:00,0.5064499692958981
2025-11-19 21:00,0.8262703045647779
2025-11-19 22:00,0.5228598159339581
2025-11-19 23:00,0.5067472682853045
2025-11-20 00:00,0.3844829177482868
2025-11-20 01:00,1.0454831584493849
2025-11-20 02:00,1.2287374076869382
2025-11-20 03:00,0.9633439204089433
2025-11-20 04:00,0.8395426309277947
2025-11-20 05:00,2.44642806859843
2025-11-20 06:00,3.482980984141691
2025-11-20 07:00,4.67799679217612
2025-11-20 08:00,7.309486839170855
2025-11-20 09:00,10.373307909948716
2025-11-20 10:00,11.376920180214716
2025-11-20 11:00,10.708507030547711
2025-11-20 12:00,12.508789113636823
2025-11-20 13:00,13.271831970840223
2025-11-20 14:00,13.688098424600629
2025-11-20 15:00,17.60295538693797
2025-11-20 16:00,19.422449577797458
2025-11-20 17:00,22.648664009919916
2025-11-20 18:00,23.11195912059487
2025-11-20 19:00,29.22037580997342
2025-11-20 20:00,32.38511651236614
2025-11-20 21:00,33.295795160227726
2025-11-20 22:00,25.551565729566242
2025-11-20 23:00,27.38670468269995
2025-11-21 00:00,25.151420317232905
2025-11-21 01:00,18.828593585974403
2025-11-21 02:00,13.613076303559726
2025-11-21 03:00,12.128461253305229
2025-11-21 04:00,8.223618399381898
2025-11-21 05:00,4.680004039427852
2025-11-21 06:00,5.282331062349348
2025-11-21 07:00,3.9329512216109968
2025-11-21 08:00,3.1952069497793274
2025-11-21 09:00,2.198039680079999
2025-11-21 10:00,2.366765646551651
2025-11-21 11:00,2.5778263279050764
2025-11-21 12:00,4.289972975258682
2025-11-21 13:00,6.125761961493881
2025-11-21 14:00,5.921959151987236
2025-11-21 15:00,7.969502445172525
2025-11-21 16:00,8.648670156472168
2025-11-21 17:00,8.0534731344935
2025-11-21 18:00,9.580188997685777
2025-11-21 19:00,7.103863724274129
2025-11-21 20:00,8.08744872286951
2025-11-21 21:00,7.157167098573607
2025-11-21 22:00,8.439593791868003
2025-11-21 23:00,6.76114124481326
2025-11-22 00:00,5.77057540122508
2025-11-22 01:00,5.624929152976902
2025-11-22 02:00,5.542444247099116
2025-11-22 03:00,4.2601908139700955
2025-11-22 04:00,3.5366881891819437
2025-11-22 05:00,4.143026193483931
2025-11-22 06:00,3.2624945146637137
2025-11-22 07:00,3.779131990007243
2025-11-22 08:00,3.7743842807320878
2025-11-22 09:00,4.170792963889124
2025-11-22 10:00,2.2579944440110435
2025-11-22 11:00,2.477102379677363
2025-11-22 12:00,3.233236070515151
2025-11-22 13:00,3.685382696620577
2025-11-22 14:00,3.8087187288163036
2025-11-22 15:00,5.343542898782363
2025-11-22 16:00,4.492932459880192
2025-11-22 17:00,4.7703983942503445
2025-11-22 18:00,2.940693070835702
2025-11-22 19:00,3.67818342684395
2025-11-22 20:00,5.0730804927051185
2025-11-22 21:00,6.160612478046566
2025-11-22 22:00,5.414850455821026
2025-11-22 23:00,7.479552573101708
2025-11-23 00:00,5.903471974467179
2025-11-23 01:00,5.402341368040231
2025-11-23 02:00,6.48673883515761
2025-11-23 03:00,6.256242702235324
2025-11-23 04:00,8.453958543867149
2025-11-23 05:00,13.418943730887932
2025-11-23 06:00,18.70526814485283
2025-11-23 07:00,16.4967134246979
2025-11-23 08:00,17.748220956298386
2025-11-23 09:00,17.04009530159299
2025-11-23 10:00,15.38394675906174
2025-11-23 11:00,16.406022612679656
2025-11-23 12:00,14.57147830975413
2025-11-23 13:00,14.884906446165502
2025-11-23 14:00,14.027157047820246
2025-11-23 15:00,15.598029876375705
2025-11-23 16:00,14.833160518464602
2025-11-23 17:00,15.137987230774804
2025-11-23 18:00,15.639923367538957
2025-11-23 19:00,15.109454627832466
2025-11-23 20:00,17.521805763022787
2025-11-23 21:00,16.32297186329887
2025-11-23 22:00,12.063940979362497
2025-11-23 23:00,12.329646447304423
2025-11-24 00:00,11.392688009471367
2025-11-24 01:00,10.670801736503464
2025-11-24 02:00,11.270936473856203
2025-11-24 03:00,14.068665771817123
2025-11-24 04:00,17.91903272198799
2025-11-24 05:00,19.450135114401878
2025-11-24 06:00,20.177881527979793
2025-11-24 07:00,20.439049006221474
2025-11-24 08:00,24.427070913965945
2025-11-24 09:00,25.061835912525055
2025-11-24 10:00,21.730191700579844
2025-11-24 11:00,22.676716195987538
2025-11-24 12:00,20.149688552244502
2025-11-24 13:00,19.069087600134196
2025-11-24 14:00,18.448895284359224
2025-11-24 15:00,17.07049300604225
2025-11-24 16:00,14.443344860369265
2025-11-24 17:00,9.247882290804554
2025-11-24 18:00,8.132183304266604
2025-11-24 19:00,9.56612672716858
2025-11-24 20:00,8.848703136762273
2025-11-24 21:00,8.161789411361903
2025-11-24 22:00,7.569147917202553
2025-11-24 23:00,8.895378264339564
2025-11-25 00:00,8.467817815147882
2025-11-25 01:00,8.348200536342492
2025-11-25 02:00,11.928424941236669
2025-11-25 03:00,15.658138253028428
2025-11-25 04:00,20.1763735234595
2025-11-25 05:00,28.8833500527563
2025-11-25 06:00,31.562028414998416
2025-11-25 07:00,49.46418844848369
2025-11-25 08:00,52.32201580752323
2025-11-25 09:00,57.01891671319038
2025-11-25 10:00,60.42907764844984
2025-11-25 11:00,61.12399272297032
2025-11-25 12:00,61.9781248401799
2025-11-25 13:00,60.81418657008401
2025-11-25 14:00,58.704157527153924
2025-11-25 15:00,57.37145757661075
2025-11-25 16:00,56.67023213182958
2025-11-25 17:00,54.46448521670737
2025-11-25 18:00,55.54334316451025
2025-11-25 19:00,55.346393644716215
2025-11-25 20:00,54.81538540289448
2025-11-25 21:00,52.04518500173658
2025-11-25 22:00,50.01929861039382
2025-11-25 23:00,40.56545915134271
2025-11-26 00:00,28.188417580168622
2025-11-26 01:00,22.34243133859183
2025-11-26 02:00,16.846526048542216
2025-11-26 03:00,11.085295046033501
2025-11-26 04:00,9.021106242516932
2025-11-26 05:00,6.417737730903776
2025-11-26 06:00,5.661756948401645
2025-11-26 07:00,5.043818866170574
2025-11-26 08:00,3.3250734065788263
2025-11-26 09:00,2.5528983403080643
2025-11-26 10:00,3.103809426779857
2025-11-26 11:00,2.0180199029302486
2025-11-26 12:00,1.533790562185493
2025-11-26 13:00,1.4368748556907336
2025-11-26 14:00,2.7639926068239915
2025-11-26 15:00,3.585947132031478
2025-11-26 16:00,3.4996768562300327
2025-11-26 17:00,2.3848043688019196
2025-11-26 18:00,1.4253344677255801
2025-11-26 19:00,1.5970368765881051
2025-11-26 20:00,1.6013764624801983
2025-11-26 21:00,2.090042683835255
2025-11-26 22:00,3.85873406922628
2025-11-26 23:00,5.4425598161130555
2025-11-27 00:00,7.4211661075171875
2025-11-27 01:00,12.270416522814717
2025-11-27 02:00,18.902756436007962
2025-11-27 03:00,32.26305907857771
2025-11-27 04:00,32.73863266476193
2025-11-27 05:00,38.6220068302067
2025-11-27 06:00,49.847594037514405
2025-11-27 07:00,50.78814134621504
2025-11-27 08:00,56.69845166189575
2025-11-27 09:00,59.550446918384246
2025-11-27 10:00,57.63744338199334
2025-11-27 11:00,61.332485510788636
2025-11-27 12:00,60.28492291381126
2025-11-27 13:00,58.82765130701236
2025-11-27 14:00,56.55447663461598
2025-11-27 15:00,55.91444727253712
2025-11-27 16:00,57.586559351907226
2025-11-27 17:00,58.835592970722956
2025-11-27 18:00,58.16436676762689
2025-11-27 19:00,60.55164906103987
2025-11-27 20:00,57.62552817533363
2025-11-27 21:00,56.001517807302335
2025-11-27 22:00,53.82261740073643
2025-11-27 23:00,55.57595244901101
2025-11-28 00:00,52.52050994263186
2025-11-28 01:00,52.10833931550488
2025-11-28 02:00,52.49863466223597
2025-11-28 03:00,50.75406681040407
2025-11-28 04:00,48.06394165280446
2025-11-28 05:00,44.30148578138166
2025-11-28 06:00,40.346018479848965
2025-11-28 07:00,30.05190577656918
2025-11-28 08:00,22.49319771984522
2025-11-28 09:00,16.814018520692397
2025-11-28 10:00,11.42471158879071
2025-11-28 11:00,8.472560090449996
2025-11-28 12:00,6.5753037213262955
2025-11-28 13:00,6.067167093566324
2025-11-28 14:00,6.160610931950603
2025-11-28 15:00,8.635276275286413
2025-11-28 16:00,8.522450181892989
2025-11-28 17:00,7.321850892115448
2025-11-28 18:00,5.688365406786357
2025-11-28 19:00,4.41631183335576
2025-11-28 20:00,3.196925893809778
2025-11-28 21:00,3.889203579399718
2025-11-28 22:00,3.9775471140895426
2025-11-28 23:00,2.767583671151627
2025-11-29 00:00,2.978722379417978
2025-11-29 01:00,2.588254565503501
2025-11-29 02:00,3.4852001671145736
2025-11-29 03:00,3.7454272891721185
2025-11-29 04:00,4.207619140713283
2025-11-29 05:00,5.12391711266699
2025-11-29 06:00,7.124521868954531
2025-11-29 07:00,12.180335702707328
2025-11-29 08:00,20.215234496700212
2025-11-29 09:00,22.088706532753058
2025-11-29 10:00,29.692218153290472
2025-11-29 11:00,33.75767221516822
2025-11-29 12:00,37.144547055660055
2025-11-29 13:00,40.63893091917075
2025-11-29 14:00,44.684590979869576
2025-11-29 15:00,45.10377752851662
2025-11-29 16:00,44.54999024444733
2025-11-29 17:00,43.73587810295433
2025-11-29 18:00,41.30114053388262
2025-11-29 19:00,40.64004884110572
2025-11-29 20:00,37.78214356327362
2025-11-29 21:00,40.579343637752764
2025-11-29 22:00,34.895613854204555
2025-11-29 23:00,30.595883953313976
2025-11-30 00:00,33.12230619338958
2025-11-30 01:00,31.507162428636036
2025-11-30 02:00,26.462959225714116
2025-11-30 03:00,19.641758386010515
2025-11-30 04:00,16.199394916376676
2025-11-30 05:00,12.554749117746782
2025-11-30 06:00,11.23656207385508
2025-11-30 07:00,12.508472588092141
2025-11-30 08:00,14.674775058954658
2025-11-30 09:00,14.280957872054149
2025-11-30 10:00,15.237237497251138
2025-11-30 11:00,17.7497203188081
2025-11-30 12:00,19.71377243716245
2025-11-30 13:00,25.233972116280775
2025-11-30 14:00,25.576009575445383
2025-11-30 15:00,28.93110133703889
2025-11-30 16:00,28.71929066119204
2025-11-30 17:00,29.6076708027946
2025-11-30 18:00,31.57285974301143
2025-11-30 19:00,29.6525197862194
2025-11-30 20:00,28.16301685412666
2025-11-30 21:00,23.769451941579224
2025-11-30 22:00,17.284605936850067
2025-11-30 23:00,20.846962786369346
2025-12-01 00:00,28.47350931607156
2025-12-01 01:00,38.79333020594645
2025-12-01 02:00,37.07183754914415
2025-12-01 03:00,39.41140902747478
2025-12-01 04:00,36.30362469190652
2025-12-01 05:00,33.49268636826557
2025-12-01 06:00,29.7295914427137
2025-12-01 07:00,25.171182578895976
2025-12-01 08:00,21.18600663254209
2025-12-01 09:00,22.21347755648624
2025-12-01 10:00,22.581972945822816
2025-12-01 11:00,22.93910030100831
2025-12-01 12:00,25.593888209251347
2025-12-01 13:00,25.600670083272473
2025-12-01 14:00,25.24060669102037
2025-12-01 15:00,28.051751076540555
2025-12-01 16:00,33.76106276781509
2025-12-01 17:00,31.88055568844192
2025-12-01 18:00,25.429167513574956
2025-12-01 19:00,23.495453373315314
2025-12-01 20:00,24.037947951205354
2025-12-01 21:00,20.937485535723916
2025-12-01 22:00,26.758332780527397
2025-12-01 23:00,27.590957739276725
2025-12-02 00:00,31.139400169313618
2025-12-02 01:00,32.13509385431247
2025-12-02 02:00,34.099757708697695
2025-12-02 03:00,42.54090387730004
2025-12-02 04:00,44.15387775231737
2025-12-02 05:00,43.03997112403489
2025-12-02 06:00,48.28493748458156
2025-12-02 07:00,47.91561098056651
2025-12-02 08:00,48.44812971183266
2025-12-02 09:00,50.29467421923485
2025-12-02 10:00,47.61553721868105
2025-12-02 11:00,44.909322279619325
2025-12-02 12:00,45.53829269975422
2025-12-02 13:00,45.439918143830624
2025-12-02 14:00,46.47433002349082
2025-12-02 15:00,48.54426152529729
2025-12-02 16:00,48.261462154244384
2025-12-02 17:00,50.60843647855535
2025-12-02 18:00,49.2250849128184
2025-12-02 19:00,45.58818756590601
2025-12-02 20:00,45.52145268724468
2025-12-02 21:00,43.44823056913941
2025-12-02 22:00,38.03183516733603
2025-12-02 23:00,36.221639928809324
2025-12-03 00:00,44.245191284633506
2025-12-03 01:00,47.38982484689826
2025-12-03 02:00,49.62450322726093
2025-12-03 03:00,49.191524708743515
2025-12-03 04:00,51.62066511621896
2025-12-03 05:00,50.461652107218406
2025-12-03 06:00,45.994818029197475
2025-12-03 07:00,39.43310143925793
2025-12-03 08:00,39.70217555105809
2025-12-03 09:00,44.78176259782613
2025-12-03 10:00,51.82371250733722
2025-12-03 11:00,52.329690107349535
2025-12-03 12:00,57.479364623901326
2025-12-03 13:00,58.20530919638444
2025-12-03 14:00,53.705196105700935
2025-12-03 15:00,55.33881564170885
2025-12-03 16:00,56.259809149452416
2025-12-03 17:00,54.199204177447044
2025-12-03 18:00,55.0730598682709
2025-12-03 19:00,56.25118494794043
2025-12-03 20:00,53.79965525456542
2025-12-03 21:00,52.46727809100172
2025-12-03 22:00,49.49784705331555
2025-12-03 23:00,49.08449686180915
2025-12-04 00:00,48.258566298374404
2025-12-04 01:00,40.03157291473528
2025-12-04 02:00,31.368773158284764
2025-12-04 03:00,31.41835076738392
2025-12-04 04:00,25.150527395492553
2025-12-04 05:00,20.252257461074123
2025-12-04 06:00,14.179320507267871
2025-12-04 07:00,9.066944920201243
2025-12-04 08:00,8.953029633097657
2025-12-04 09:00,9.087078957913064
2025-12-04 10:00,6.590226050931657
2025-12-04 11:00,6.807963813107474
2025-12-04 12:00,3.9317348094722955
2025-12-04 13:00,4.826664209369149
2025-12-04 14:00,6.240173017249607
2025-12-04 15:00,10.031605126251542
2025-12-04 16:00,12.844362006116377
2025-12-04 17:00,25.195421015740514
2025-12-04 18:00,34.203348670994956
2025-12-04 19:00,44.85278730603527
2025-12-04 20:00,50.677798519809116
2025-12-04 21:00,54.36021707818634
2025-12-04 22:00,56.83584992644998
2025-12-04 23:00,60.44474504108858
2025-12-05 00:00,59.33226507470951
2025-12-05 01:00,57.20280224836501
2025-12-05 02:00,55.176716727314144
2025-12-05 03:00,52.24023142790329
2025-12-05 04:00,52.51707866372026
2025-12-05 05:00,45.376525987159184
2025-12-05 06:00,44.19070984049935
2025-12-05 07:00,38.75093062844795
2025-12-05 08:00,29.961205234225886
2025-12-05 09:00,24.499759428774848
2025-12-05 10:00,16.892449047407826
2025-12-05 11:00,16.39511395157628
2025-12-05 12:00,15.883811005235469
2025-12-05 13:00,13.991173844941535
2025-12-05 14:00,17.031641322138285
2025-12-05 15:00,17.4945899517625
2025-12-05 16:00,17.42458444367023
2025-12-05 17:00,15.277361899003514
2025-12-05 18:00,11.823694453788292
2025-12-05 19:00,8.357969034670504
2025-12-05 20:00,7.5229251750072725
2025-12-05 21:00,3.624791404377164
2025-12-05 22:00,1.1404198973268649
2025-12-05 23:00,1.7991952779706162
2025-12-06 00:00,3.305173527527706
2025-12-06 01:00,2.7393163379100116
2025-12-06 02:00,4.377756987990327
2025-12-06 03:00,4.895716429276274
2025-12-06 04:00,9.0722561159116
2025-12-06 05:00,7.9460210710983805
2025-12-06 06:00,11.26097995164088
2025-12-06 07:00,13.206758557486287
2025-12-06 08:00,18.86191054062182
2025-12-06 09:00,20.635408605575883
2025-12-06 10:00,22.66597703850248
2025-12-06 11:00,22.06355760748674
2025-12-06 12:00,32.94253187285177
2025-12-06 13:00,39.112616942035515
2025-12-06 14:00,40.943332183432226
2025-12-06 15:00,42.271817596516996
2025-12-06 16:00,41.311954320585436
2025-12-06 17:00,38.583461792570354
2025-12-06 18:00,38.236754776532635
2025-12-06 19:00,40.23315846609748
2025-12-06 20:00,42.22083278396336
2025-12-06 21:00,39.823559917485206
2025-12-06 22:00,38.745802372868795
2025-12-06 23:00,32.925589149803216
2025-12-07 00:00,30.861807625166634
2025-12-07 01:00,30.18689746054294
2025-12-07 02:00,22.400499309690947
2025-12-07 03:00,21.03415470117404
2025-12-07 04:00,24.08596348631577
2025-12-07 05:00,19.947202821855125
2025-12-07 06:00,20.040969841405605
2025-12-07 07:00,18.983052867555372
2025-12-07 08:00,20.52142856244673
2025-12-07 09:00,20.31065121675082
2025-12-07 10:00,21.533594922005825
2025-12-07 11:00,25.21875956149192
2025-12-07 12:00,25.059406422338473
2025-12-07 13:00,26.772398908424638
2025-12-07 14:00,31.724364349662387
2025-12-07 15:00,36.8056814303998
2025-12-07 16:00,40.66622108879731
2025-12-07 17:00,40.12857614774493
2025-12-07 18:00,39.50173302314954
2025-12-07 19:00,41.39446890360986
2025-12-07 20:00,49.09819989981737
2025-12-07 21:00,48.16959129185578
2025-12-07 22:00,49.578159564090825
2025-12-07 23:00,49.271869975059694
2025-12-08 00:00,49.96364400856149
2025-12-08 01:00,51.28701684578501
2025-12-08 02:00,51.85044099215618
2025-12-08 03:00,50.261117411214585
2025-12-08 04:00,52.195371795527066
2025-12-08 05:00,48.544711000537816
2025-12-08 06:00,48.24649825041766
2025-12-08 07:00,46.68651237010721
2025-12-08 08:00,42.55805815062155
2025-12-08 09:00,35.570035117240536
2025-12-08 10:00,35.670981715421576
2025-12-08 11:00,33.047099818897976
2025-12-08 12:00,30.127768786557073
2025-12-08 13:00,32.79873980037556
2025-12-08 14:00,33.73287690083137
2025-12-08 15:00,34.89960953589092
2025-12-08 16:00,32.66033081653556
2025-12-08 17:00,26.48519767064883
2025-12-08 18:00,21.745496609236923
2025-12-08 19:00,21.55957326411776
2025-12-08 20:00,17.665137435540235
2025-12-08 21:00,12.391502467434353
2025-12-08 22:00,10.53466779411482
2025-12-08 23:00,8.12793480448654
2025-12-09 00:00,6.274967503524261
2025-12-09 01:00,5.7829886826997505
2025-12-09 02:00,5.3743067990788935
2025-12-09 03:00,5.082753613300342
2025-12-09 04:00,4.37282578728122
2025-12-09 05:00,3.816196003982107
2025-12-09 06:00,2.4360132255827156
2025-12-09 07:00,3.317539846548815
2025-12-09 08:00,3.1816577822599257
2025-12-09 09:00,1.987825019880292
2025-12-09 10:00,1.4090276538694502
2025-12-09 11:00,1.3311731400214772
2025-12-09 12:00,2.319722403419653
2025-12-09 13:00,2.109606303346711
2025-12-09 14:00,2.338525131718435
2025-12-09 15:00,3.9362683909938982
2025-12-09 16:00,3.554004657899763
2025-12-09 17:00,2.0793148163808164
2025-12-09 18:00,1.4019082138117076
2025-12-09 19:00,1.9865628499026469
2025-12-09 20:00,2.0349405377445704
2025-12-09 21:00,1.9293335185167284
2025-12-09 22:00,2.337195513026036
2025-12-09 23:00,2.1345096784544917
2025-12-10 00:00,2.552024242729568
2025-12-10 01:00,2.643401876705954
2025-12-10 02:00,2.5684571643138234
2025-12-10 03:00,4.308707048878725
2025-12-10 04:00,4.7998296414035675
2025-12-10 05:00,4.127350544889946
2025-12-10 06:00,4.029666879223782
2025-12-10 07:00,3.6823886200071856
2025-12-10 08:00,4.505771223845331
2025-12-10 09:00,4.366691927415729
2025-12-10 10:00,2.153213013663901
2025-12-10 11:00,2.2346326589621754
2025-12-10 12:00,1.6218687373399128
2025-12-10 13:00,1.7238028924184163
2025-12-10 14:00,2.6376419323128624
2025-12-10 15:00,3.2911104080830462
2025-12-10 16:00,2.722930235854127
2025-12-10 17:00,2.892013844403002
2025-12-10 18:00,4.777840428298392
2025-12-10 19:00,4.349212371336979
2025-12-10 20:00,5.876618120780476
2025-12-10 21:00,6.806684236948509
2025-12-10 22:00,7.633885371250262
2025-12-10 23:00,9.32748526039843
2025-12-11 00:00,14.818685515636542
2025-12-11 01:00,16.571127872511592
2025-12-11 02:00,17.321348569387098
2025-12-11 03:00,24.258406582058264
2025-12-11 04:00,26.02568666872238
2025-12-11 05:00,27.54629764238038
2025-12-11 06:00,32.239038387567746
2025-12-11 07:00,32.278685146994974
2025-12-11 08:00,30.218576258302583
2025-12-11 09:00,39.00945526875193
2025-12-11 10:00,47.16549169278101
2025-12-11 11:00,55.94059286532769
2025-12-11 12:00,60.716948762975356
2025-12-11 13:00,60.685917627690564
2025-12-11 14:00,59.98730237289344
2025-12-11 15:00,59.26080269518659
2025-12-11 16:00,59.269981247621644
2025-12-11 17:00,57.257582903177024
2025-12-11 18:00,55.72132708742343
2025-12-11 19:00,56.848285669640845
2025-12-11 20:00,55.71483665626846
2025-12-11 21:00,54.01733394227911
2025-12-11 22:00,53.83877664901536
2025-12-11 23:00,53.709130291749055
2025-12-12 00:00,47.57669311915157
2025-12-12 01:00,45.25132010452041
2025-12-12 02:00,39.252075387920435
2025-12-12 03:00,37.78726846754994
2025-12-12 04:00,35.39451487871812
2025-12-12 05:00,29.268468132269987
2025-12-12 06:00,20.252838631088988
2025-12-12 07:00,17.637742568456417
2025-12-12 08:00,14.51683356276996
2025-12-12 09:00,11.901659055766492
2025-12-12 10:00,8.12808305170591
2025-12-12 11:00,4.661711965327909
2025-12-12 12:00,4.171300807125778
2025-12-12 13:00,2.841290994632242
2025-12-12 14:00,1.9491890174434763
2025-12-12 15:00,2.8949408432463586
2025-12-12 16:00,3.092545505275126
2025-12-12 17:00,5.522710672563193
2025-12-12 18:00,6.100910376030852
2025-12-12 19:00,5.857790606304674
2025-12-12 20:00,6.453116651152316
2025-12-12 21:00,7.1808733479224
2025-12-12 22:00,8.09750229231006
2025-12-12 23:00,6.6766371028343094
2025-12-13 00:00,9.415032015413763
2025-12-13 01:00,8.941628248764099
2025-12-13 02:00,9.656843650985396
2025-12-13 03:00,10.248061781256252
2025-12-13 04:00,11.53169004631603
2025-12-13 05:00,9.71708835846565
2025-12-13 06:00,7.851239141036183
2025-12-13 07:00,10.127583942056795
2025-12-13 08:00,9.078822278559818
2025-12-13 09:00,7.08560064553345
2025-12-13 10:00,6.539555565877577
2025-12-13 11:00,4.660381242940671
2025-12-13 12:00,6.5425495668286455
2025-12-13 13:00,9.324558771960318
2025-12-13 14:00,12.436837271307088
2025-12-13 15:00,12.08398056906698
2025-12-13 16:00,15.12001242173843
2025-12-13 17:00,15.71030274798889
2025-12-13 18:00,24.277951067800736
2025-12-13 19:00,24.515544787342428
2025-12-13 20:00,19.23258323776659
2025-12-13 21:00,19.214092038333195
2025-12-13 22:00,15.460696708212001
2025-12-13 23:00,14.818881925649041
2025-12-14 00:00,21.17483312582326
2025-12-14 01:00,23.697249911329855
2025-12-14 02:00,29.875184001628227
2025-12-14 03:00,25.499450535565387
2025-12-14 04:00,27.196295604920728
2025-12-14 05:00,23.88157624453246
2025-12-14 06:00,28.500453256043052
2025-12-14 07:00,36.19568736875873
2025-12-14 08:00,47.57476121741775
2025-12-14 09:00,50.77970618399162
2025-12-14 10:00,54.588686983548996
2025-12-14 11:00,55.245688805878586
2025-12-14 12:00,54.48320564111897
2025-12-14 13:00,50.02673487216545
2025-12-14 14:00,50.36746980530964
2025-12-14 15:00,52.58959274214108
2025-12-14 16:00,52.07590642804296
2025-12-14 17:00,46.36396898700929
2025-12-14 18:00,42.713140795832395
2025-12-14 19:00,42.5642223483041
2025-12-14 20:00,40.26945330495447
2025-12-14 21:00,32.72095659918352
2025-12-14 22:00,21.135986807240506
2025-12-14 23:00,20.983808572057377
2025-12-15 00:00,13.706071696090106
2025-12-15 01:00,11.588016168655752
2025-12-15 02:00,8.298026177112384
2025-12-15 03:00,6.3047882935069905
2025-12-15 04:00,5.204976847158721
2025-12-15 05:00,5.584306040184997
2025-12-15 06:00,4.085693398330079
2025-12-15 07:00,4.766380350372966
2025-12-15 08:00,5.8766116400531105
2025-12-15 09:00,4.883538927652402
2025-12-15 10:00,4.730154674009904
2025-12-15 11:00,3.7666600818271148
2025-12-15 12:00,3.026534073046412
2025-12-15 13:00,4.847883220143515
2025-12-15 14:00,5.4672143768714205
2025-12-15 15:00,5.748045180286633
2025-12-15 16:00,6.067832665525463
2025-12-15 17:00,5.553442690616036
2025-12-15 18:00,4.599837943385344
2025-12-15 19:00,8.7180184971335
2025-12-15 20:00,9.584312156491684
2025-12-15 21:00,12.956701343997091
2025-12-15 22:00,16.67501926581066
2025-12-15 23:00,12.759754285863362
2025-12-16 00:00,10.581860862717448
2025-12-16 01:00,14.571572469664774
2025-12-16 02:00,17.04934513616183
2025-12-16 03:00,17.680350913526638
2025-12-16 04:00,18.301663906600034
2025-12-16 05:00,20.506584573872402
2025-12-16 06:00,19.66881000649385
2025-12-16 07:00,20.644408238134034
2025-12-16 08:00,22.62430473980274
2025-12-16 09:00,21.68612377299443
2025-12-16 10:00,18.836356486960646
2025-12-16 11:00,16.847605049445885
2025-12-16 12:00,17.116674442495146
2025-12-16 13:00,16.33597497399564
2025-12-16 14:00,13.220798429958567
2025-12-16 15:00,11.173375851817369
2025-12-16 16:00,12.961387386099624
2025-12-16 17:00,12.562866443438764
2025-12-16 18:00,12.625600757577054
2025-12-16 19:00,10.163205282625594
2025-12-16 20:00,10.104060201968139
2025-12-16 21:00,10.316969826500257
2025-12-16 22:00,8.87865546667666
2025-12-16 23:00,8.717883163503311
2025-12-17 00:00,5.659264361178391
2025-12-17 01:00,5.914903077524909
2025-12-17 02:00,6.718531139981435
2025-12-17 03:00,4.773178009302201
2025-12-17 04:00,10.150190315390027
2025-12-17 05:00,15.20560815849089
2025-12-17 06:00,15.618748537359552
2025-12-17 07:00,19.134982446783575
2025-12-17 08:00,21.57889717863427
2025-12-17 09:00,22.82662681060745
2025-12-17 10:00,26.0320702905287
2025-12-17 11:00,25.202162750505543
2025-12-17 12:00,29.523083490071944
2025-12-17 13:00,30.21247890349985
2025-12-17 14:00,30.58978208195854
2025-12-17 15:00,30.94588345225052
2025-12-17 16:00,29.2420207953204
2025-12-17 17:00,26.36714705340712
2025-12-17 18:00,23.251985441633416
2025-12-17 19:00,20.109503507018104
2025-12-17 20:00,20.385048545557424
2025-12-17 21:00,17.986909665515714
2025-12-17 22:00,12.794255792081502
2025-12-17 23:00,9.836750813930863
2025-12-18 00:00,9.340509727210282
2025-12-18 01:00,7.3237496928483985
2025-12-18 02:00,4.988973712234799
2025-12-18 03:00,5.131528435737081
2025-12-18 04:00,5.578065293305763
2025-12-18 05:00,4.731328763847178
2025-12-18 06:00,4.3802320084323165
2025-12-18 07:00,3.170890463535418
2025-12-18 08:00,3.6735268257821323
2025-12-18 09:00,1.7312915476774626
2025-12-18 10:00,2.296945752421202
2025-12-18 11:00,2.1163959656433295
2025-12-18 12:00,2.879574676902501
2025-12-18 13:00,3.598532555361129
2025-12-18 14:00,4.338373111795047
2025-12-18 15:00,6.314404476913117
2025-12-18 16:00,7.063157228376948
2025-12-18 17:00,8.23350859560955
2025-12-18 18:00,8.193346763891716
2025-12-18 19:00,6.261302364960564
2025-12-18 20:00,3.5253160227003226
2025-12-18 21:00,2.2530552989316766
2025-12-18 22:00,2.4543388727901805
2025-12-18 23:00,2.786809268891862
2025-12-19 00:00,4.290752185728277
2025-12-19 01:00,4.061183116130547
2025-12-19 02:00,3.7796684423124733
2025-12-19 03:00,4.0563309947457284
2025-12-19 04:00,3.398717223942204
2025-12-19 05:00,5.777710171687282
2025-12-19 06:00,8.346343831143551
2025-12-19 07:00,8.204629941831778
2025-12-19 08:00,8.424922833631271
2025-12-19 09:00,5.392421552283828
2025-12-19 10:00,3.645617781277477
2025-12-19 11:00,5.090210902575784
2025-12-19 12:00,4.417071394683717
2025-12-19 13:00,7.612333780991449
2025-12-19 14:00,6.993673202028319
2025-12-19 15:00,8.544255049196245
2025-12-19 16:00,9.048637686378436
2025-12-19 17:00,14.222150418344503
2025-12-19 18:00,14.099556943294179
2025-12-19 19:00,15.473818824037746
2025-12-19 20:00,18.653780312681917
2025-12-19 21:00,19.295329980768592
2025-12-19 22:00,21.071334307190767
2025-12-19 23:00,20.61357624578633
2025-12-20 00:00,18.606186685477706
2025-12-20 01:00,21.589947666669815
2025-12-20 02:00,23.26108396376403
2025-12-20 03:00,23.07829032361105
2025-12-20 04:00,26.597603258777205
2025-12-20 05:00,28.687097738751795
2025-12-20 06:00,23.42584694482695
2025-12-20 07:00,27.714352417441503
2025-12-20 08:00,24.948341506121622
2025-12-20 09:00,22.156800716589668
2025-12-20 10:00,18.267745440780587
2025-12-20 11:00,16.676582051719013
2025-12-20 12:00,16.080045753720317
2025-12-20 13:00,21.312185374101006
2025-12-20 14:00,23.13212832738081
2025-12-20 15:00,27.279232224166385
2025-12-20 16:00,34.19271075345273
2025-12-20 17:00,39.5177043193996
2025-12-20 18:00,43.10152931657254
2025-12-20 19:00,48.361992707964745
2025-12-20 20:00,51.89576737199177
2025-12-20 21:00,56.24345955724481
2025-12-20 22:00,54.82553707683079
2025-12-20 23:00,57.2493939381003
2025-12-21 00:00,53.83875302120176
2025-12-21 01:00,53.7133224146418
2025-12-21 02:00,54.269192547900005
2025-12-21 03:00,57.047750039531316
2025-12-21 04:00,56.95374316368668
2025-12-21 05:00,57.17882591796376
2025-12-21 06:00,57.293598463102626
2025-12-21 07:00,55.809244645951495
2025-12-21 08:00,54.25598611183696
2025-12-21 09:00,52.557028107457526
2025-12-21 10:00,50.51560878831692
2025-12-21 11:00,47.43208358750751
2025-12-21 12:00,46.13353222566301
2025-12-21 13:00,45.475919495202874
2025-12-21 14:00,44.22695541711006
2025-12-21 15:00,42.621433892242884
2025-12-21 16:00,45.357774181421
2025-12-21 17:00,41.20647944217178
2025-12-21 18:00,36.64709167832443
2025-12-21 19:00,36.10167451914116
2025-12-21 20:00,32.61771531558014
2025-12-21 21:00,35.43728420683789
2025-12-21 22:00,25.4806380789622
2025-12-21 23:00,28.081207098034866
2025-12-22 00:00,26.508638627169475
2025-12-22 01:00,25.606033150337637
2025-12-22 02:00,21.188079061554888
2025-12-22 03:00,19.565051163502062
2025-12-22 04:00,18.066054493545668
2025-12-22 05:00,15.820005962796472
2025-12-22 06:00,16.408233182781053
2025-12-22 07:00,13.725408830850707
2025-12-22 08:00,12.230292066755561
2025-12-22 09:00,9.970607473308789
2025-12-22 10:00,7.038730983802273
2025-12-22 11:00,7.18484605369332
2025-12-22 12:00,5.579222473498303
2025-12-22 13:00,5.797878643241468
2025-12-22 14:00,6.352430848805511
2025-12-22 15:00,7.330757208586185
2025-12-22 16:00,6.764775213764809
2025-12-22 17:00,4.966378702461835
2025-12-22 18:00,4.589838280519696
2025-12-22 19:00,5.484230079113653
2025-12-22 20:00,5.019647013860967
2025-12-22 21:00,4.36816611476206
2025-12-22 22:00,3.9387633209599033
2025-12-22 23:00,1.6024248751488464
2025-12-23 00:00,3.8031415490853075
2025-12-23 01:00,2.9920561650628494
2025-12-23 02:00,3.8086399130351074
2025-12-23 03:00,3.34983409572414
2025-12-23 04:00,4.376867068733712
2025-12-23 05:00,7.2979896417139365
2025-12-23 06:00,7.632907593190332
2025-12-23 07:00,6.586519015184068
2025-12-23 08:00,5.59115575503251
2025-12-23 09:00,4.890632386915371
2025-12-23 10:00,5.14656114252964
2025-12-23 11:00,7.019868594771619
2025-12-23 12:00,9.645387638971155
2025-12-23 13:00,9.089716962309025
2025-12-23 14:00,9.775167034024232
2025-12-23 15:00,12.128890246841756
2025-12-23 16:00,16.73716640508957
2025-12-23 17:00,16.311553820201368
2025-12-23 18:00,13.5101021760827
2025-12-23 19:00,10.66626677461586
2025-12-23 20:00,11.921404315113392
2025-12-23 21:00,11.23634526830607
2025-12-23 22:00,14.186032154862145
2025-12-23 23:00,15.397121874759701
2025-12-24 00:00,19.047298830780818
2025-12-24 01:00,22.615317072772037
2025-12-24 02:00,25.728684238294466
2025-12-24 03:00,36.96351974048568
2025-12-24 04:00,39.52546347124644
2025-12-24 05:00,42.56068269424256
2025-12-24 06:00,43.67685333244869
2025-12-24 07:00,40.3874469176193
2025-12-24 08:00,38.70870109885942
2025-12-24 09:00,38.352373740116334
2025-12-24 10:00,38.57374507407321
2025-12-24 11:00,39.77559299448447
2025-12-24 12:00,36.49929596588704
2025-12-24 13:00,37.68322738451839
2025-12-24 14:00,38.83633453602582
2025-12-24 15:00,41.05932779381497
2025-12-24 16:00,42.190781981716725
2025-12-24 17:00,43.78278070825968
2025-12-24 18:00,41.81141431525225
2025-12-24 19:00,41.63744624318125
2025-12-24 20:00,39.43792311936263
2025-12-24 21:00,35.96882374149817
2025-12-24 22:00,31.73436492594709
2025-12-24 23:00,29.16815682572119
2025-12-25 00:00,30.65133478191641
2025-12-25 01:00,25.738167076903608
2025-12-25 02:00,26.560221369538198
2025-12-25 03:00,32.29405986873027
2025-12-25 04:00,39.22000078258753
2025-12-25 05:00,47.80331731969025
2025-12-25 06:00,49.00744739896848
2025-12-25 07:00,54.64893134020403
2025-12-25 08:00,55.09293749132478
2025-12-25 09:00,55.86961161628997
2025-12-25 10:00,54.909090664398946
2025-12-25 11:00,55.058370178162534
2025-12-25 12:00,56.50152923629429
2025-12-25 13:00,56.13940292869627
2025-12-25 14:00,56.49184514954728
2025-12-25 15:00,57.29863156498648
2025-12-25 16:00,57.46675706065925
2025-12-25 17:00,58.029455307639694
2025-12-25 18:00,58.83010586271545
2025-12-25 19:00,59.08848524437629
2025-12-25 20:00,59.801620374179116
2025-12-25 21:00,59.75564353129108
2025-12-25 22:00,59.59502613030971
2025-12-25 23:00,59.409140257757855
2025-12-26 00:00,58.884535930419204
2025-12-26 01:00,58.47416317378628
2025-12-26 02:00,57.5319634367096
2025-12-26 03:00,57.15192648458789
2025-12-26 04:00,57.67070839647768
2025-12-26 05:00,57.12503088172637
2025-12-26 06:00,56.43235820007246
2025-12-26 07:00,56.662037820333325
2025-12-26 08:00,55.82337537018829
2025-12-26 09:00,54.21517387352173
2025-12-26 10:00,53.626616082481746
2025-12-26 11:00,53.18774328578026
2025-12-26 12:00,50.165709585401586
2025-12-26 13:00,49.99996294010933
2025-12-26 14:00,49.94470083798973
2025-12-26 15:00,49.0142196159238
2025-12-26 16:00,46.391132474889595
2025-12-26 17:00,45.34899591656017
2025-12-26 18:00,42.426872754560534
2025-12-26 19:00,37.27271600868036
2025-12-26 20:00,32.91138503026923
2025-12-26 21:00,25.71575960099159
2025-12-26 22:00,16.082553977092285
2025-12-26 23:00,10.673161048948142
2025-12-27 00:00,11.300666355538347
2025-12-27 01:00,8.642523414925558
2025-12-27 02:00,8.552252120979947
2025-12-27 03:00,5.288838548750521
2025-12-27 04:00,2.7211215254238517
2025-12-27 05:00,1.8857026485553687
2025-12-27 06:00,0.5155363928667088
2025-12-27 07:00,0.4486443981136342
2025-12-27 08:00,0.612168500372567
2025-12-27 09:00,1.115857822523533
2025-12-27 10:00,1.142729842783766
2025-12-27 11:00,0.4938976895786452
2025-12-27 12:00,0.5579283306945739
2025-12-27 13:00,0.9350736765043162
2025-12-27 14:00,1.1670770507347137
2025-12-27 15:00,1.1442489856550169
2025-12-27 16:00,1.9173503753801426
2025-12-27 17:00,3.96203442814541
2025-12-27 18:00,5.248096481798484
2025-12-27 19:00,7.897188103041351
2025-12-27 20:00,8.185448406424285
2025-12-27 21:00,12.462102339266934
2025-12-27 22:00,11.459412103652534
2025-12-27 23:00,10.70295792697505
2025-12-28 00:00,12.208033771699563
2025-12-28 01:00,10.027810641084525
2025-12-28 02:00,11.984054709276357
2025-12-28 03:00,10.029874677524653
2025-12-28 04:00,10.07495265398613
2025-12-28 05:00,10.232343595332365
2025-12-28 06:00,9.806131711912919
2025-12-28 07:00,11.050955687179261
2025-12-28 08:00,12.32344325216976
2025-12-28 09:00,11.028805615717427
2025-12-28 10:00,9.15224688918255
2025-12-28 11:00,8.197035853986126
2025-12-28 12:00,10.075407154812801
2025-12-28 13:00,9.551515404241922
2025-12-28 14:00,10.954061642517747
2025-12-28 15:00,13.522561139282924
2025-12-28 16:00,18.45045713416126
2025-12-28 17:00,18.180886862187798
2025-12-28 18:00,21.23946272962909
2025-12-28 19:00,24.031291778480963
2025-12-28 20:00,30.892297045941362
2025-12-28 21:00,31.575110408881322
2025-12-28 22:00,29.94411685876308
2025-12-28 23:00,31.009086359058422
2025-12-29 00:00,25.731095486832906
2025-12-29 01:00,26.58803256273989
2025-12-29 02:00,25.847275684750166
2025-12-29 03:00,28.07972433582333
2025-12-29 04:00,29.988700194571386
2025-12-29 05:00,32.228704895499675
2025-12-29 06:00,29.53913241286811
2025-12-29 07:00,28.06248004818866
2025-12-29 08:00,27.194445238147615
2025-12-29 09:00,22.11845486809247
2025-12-29 10:00,23.485980294861115
2025-12-29 11:00,21.773264116706414
2025-12-29 12:00,22.202882928440587
2025-12-29 13:00,23.43592330569221
2025-12-29 14:00,21.49804007821783
2025-12-29 15:00,26.025801304633205
2025-12-29 16:00,24.503310727007733
2025-12-29 17:00,27.656085314052966
2025-12-29 18:00,26.78675182793536
2025-12-29 19:00,27.295833322080284
2025-12-29 20:00,33.77307848897123
2025-12-29 21:00,32.223189816447274
2025-12-29 22:00,23.450605074574092
2025-12-29 23:00,23.2788404627928
2025-12-30 00:00,25.439805682409215
2025-12-30 01:00,26.157184761238366
2025-12-30 02:00,26.126667759070816
2025-12-30 03:00,27.164633230810736
2025-12-30 04:00,36.28971109826815
2025-12-30 05:00,36.34344693952304
2025-12-30 06:00,35.594806443050075
2025-12-30 07:00,38.24234058979929
2025-12-30 08:00,38.49030217542437
2025-12-30 09:00,37.570480942620016
2025-12-30 10:00,33.620697794909226
2025-12-30 11:00,31.231670728925785
2025-12-30 12:00,30.08666489042274
2025-12-30 13:00,28.549027156423293
2025-12-30 14:00,32.32826052530603
2025-12-30 15:00,34.56236010659184
2025-12-30 16:00,33.952706082930185
2025-12-30 17:00,33.75063999518194
2025-12-30 18:00,20.58169098987321
2025-12-30 19:00,18.564856606686142
2025-12-30 20:00,17.54951834382289
2025-12-30 21:00,14.692968243905348
2025-12-30 22:00,11.438125718529015
2025-12-30 23:00,11.229282895438486
2025-12-31 00:00,12.337285450667924
2025-12-31 01:00,18.400797649073947
2025-12-31 02:00,24.402276481239248
2025-12-31 03:00,28.390453541782144
2025-12-31 04:00,36.852169363663165
2025-12-31 05:00,42.25461562529161
2025-12-31 06:00,44.62445651303921
2025-12-31 07:00,44.6769209796537
2025-12-31 08:00,49.398431822542165
2025-12-31 09:00,47.39582694684454
2025-12-31 10:00,47.85486803638262
2025-12-31 11:00,47.51686571631366
2025-12-31 12:00,46.5098413466304
2025-12-31 13:00,47.146454829967524
2025-12-31 14:00,46.24682221126962
2025-12-31 15:00,45.64389939440678
2025-12-31 16:00,48.671593212394285
2025-12-31 17:00,47.968043323032944
2025-12-31 18:00,43.56810809454705
2025-12-31 19:00,43.976265029804836
2025-12-31 20:00,44.79156757146923
2025-12-31 21:00,41.58242242738278
2025-12-31 22:00,40.98566048197266
2025-12-31 23:00,37.26492620777006
